{
    "10_i-1_1_c_r_l_0_HardRainNoon_low_": 79,
    "10_i-1_1_c_r_l_0_HardRainNoon_mid_": 79,
    "10_i-1_1_c_r_l_0_HardRainSunset_high_": 79,
    "10_i-1_1_c_r_l_0_HardRainSunset_low_": 79,
    "10_i-1_1_c_r_l_0_MidRainSunset_high_": 79,
    "10_i-1_1_c_r_l_0_MidRainSunset_mid_": 80,
    "10_i-1_1_c_r_l_0_MidRainyNoon_high_": 80,
    "10_i-1_1_c_r_l_0_WetNoon_high_": 81,
    "10_i-1_1_c_r_l_0_WetNoon_low_": 80,
    "10_i-1_1_c_r_l_0_WetNoon_mid_": 80,
    "10_i-1_1_c_r_l_0_WetSunset_low_": 80,
    "10_i-1_1_c_r_l_0_WetSunset_mid_": 80,
    "10_i-1_1_t_l_f_0_CloudyNoon_high_": 50,
    "10_i-1_1_t_l_f_0_CloudySunset_high_": 51,
    "10_i-1_1_t_l_f_0_CloudySunset_low_": 50,
    "10_i-1_1_t_l_f_0_CloudySunset_mid_": 50,
    "10_i-1_1_t_l_f_0_HardRainNoon_high_": 50,
    "10_i-1_1_t_l_f_0_HardRainNoon_low_": 50,
    "10_i-1_1_t_l_f_0_HardRainNoon_mid_": 50,
    "10_i-1_1_t_l_f_0_HardRainSunset_mid_": 50,
    "10_i-1_1_t_l_f_0_MidRainSunset_high_": 50,
    "10_i-1_1_t_l_f_0_MidRainSunset_low_": 50,
    "10_i-1_1_t_l_f_0_MidRainSunset_mid_": 50,
    "10_i-1_1_t_l_f_0_MidRainyNoon_high_": 50,
    "10_i-1_1_t_l_f_0_MidRainyNoon_mid_": 50,
    "10_i-1_1_t_l_f_0_WetNoon_mid_": 50,
    "10_i-1_1_t_l_f_0_WetSunset_low_": 50,
    "10_i-1_1_t_l_f_0_WetSunset_mid_": 50,
    "10_s-1_0_b_sr_f_0_ClearSunset_high_": 112,
    "10_s-1_0_b_sr_f_0_CloudySunset_high_": 114,
    "10_s-1_0_b_sr_f_0_CloudySunset_low_": 111,
    "10_s-1_0_b_sr_f_0_HardRainSunset_high_": 111,
    "10_s-1_0_b_sr_f_0_HardRainSunset_low_": 112,
    "10_s-1_0_b_sr_f_0_HardRainSunset_mid_": 114,
    "10_s-1_0_b_sr_f_0_MidRainyNoon_high_": 112,
    "10_s-1_0_b_sr_f_0_MidRainyNoon_low_": 113,
    "10_s-1_0_b_sr_f_0_MidRainyNoon_mid_": 111,
    "10_s-1_0_b_sr_f_0_WetNoon_high_": 113,
    "10_s-1_0_b_sr_f_0_WetNoon_mid_": 112,
    "10_s-1_0_b_sr_f_0_WetSunset_low_": 115,
    "10_s-1_0_b_sr_f_0_WetSunset_mid_": 111,
    "10_s-1_0_b_sr_f_0_5_ClearNoon_high_": 112,
    "10_s-1_0_b_sr_f_0_5_ClearNoon_low_": 114,
    "10_s-1_0_b_sr_f_0_5_ClearNoon_mid_": 112,
    "10_s-1_0_b_sr_f_0_5_ClearSunset_low_": 112,
    "10_s-1_0_b_sr_f_0_5_CloudyNoon_high_": 112,
    "10_s-1_0_b_sr_f_0_5_CloudyNoon_low_": 115,
    "10_s-1_0_b_sr_f_0_5_CloudySunset_mid_": 112,
    "10_s-1_0_b_sr_f_0_5_HardRainSunset_mid_": 114,
    "10_s-1_0_b_sr_f_0_5_MidRainSunset_low_": 114,
    "10_s-1_0_b_sr_f_0_5_MidRainyNoon_high_": 112,
    "10_s-1_0_b_sr_f_0_5_MidRainyNoon_low_": 113,
    "10_s-1_0_b_sr_f_0_5_MidRainyNoon_mid_": 113,
    "10_s-1_0_b_sr_f_0_5_WetNoon_mid_": 113,
    "10_s-7_0_c_sl_f_1_s_ClearSunset_high_": 39,
    "10_s-7_0_c_sl_f_1_s_CloudyNoon_high_": 39,
    "10_s-7_0_c_sl_f_1_s_CloudyNoon_mid_": 40,
    "10_s-7_0_c_sl_f_1_s_CloudySunset_low_": 39,
    "10_s-7_0_c_sl_f_1_s_CloudySunset_mid_": 39,
    "10_s-7_0_c_sl_f_1_s_HardRainNoon_low_": 39,
    "10_s-7_0_c_sl_f_1_s_HardRainNoon_mid_": 39,
    "10_s-7_0_c_sl_f_1_s_HardRainSunset_high_": 40,
    "10_s-7_0_c_sl_f_1_s_HardRainSunset_low_": 40,
    "10_s-7_0_c_sl_f_1_s_MidRainSunset_high_": 40,
    "10_s-7_0_c_sl_f_1_s_MidRainSunset_low_": 39,
    "10_s-7_0_c_sl_f_1_s_MidRainSunset_mid_": 39,
    "10_s-7_0_c_sl_f_1_s_MidRainyNoon_high_": 39,
    "10_s-7_0_c_sl_f_1_s_MidRainyNoon_low_": 39,
    "10_s-7_0_c_sl_f_1_s_MidRainyNoon_mid_": 40,
    "10_s-7_0_c_sl_f_1_s_WetNoon_high_": 39,
    "10_s-7_0_c_sl_f_1_s_WetSunset_high_": 40,
    "10_s-7_0_c_sl_f_1_s_WetSunset_low_": 39,
    "10_s-7_0_c_sl_f_1_s_WetSunset_mid_": 39,
    "10_s-7_0_c_sr_f_1_0_1_ClearSunset_high_": 29,
    "10_s-7_0_c_sr_f_1_0_1_ClearSunset_low_": 29,
    "10_s-7_0_c_sr_f_1_0_1_ClearSunset_mid_": 29,
    "10_s-7_0_c_sr_f_1_0_1_CloudyNoon_mid_": 29,
    "10_s-7_0_c_sr_f_1_0_1_CloudySunset_high_": 29,
    "10_s-7_0_c_sr_f_1_0_1_CloudySunset_low_": 29,
    "10_s-7_0_c_sr_f_1_0_1_CloudySunset_mid_": 29,
    "10_s-7_0_c_sr_f_1_0_1_HardRainNoon_high_": 29,
    "10_s-7_0_c_sr_f_1_0_1_HardRainNoon_mid_": 29,
    "10_s-7_0_c_sr_f_1_0_1_HardRainSunset_high_": 29,
    "10_s-7_0_c_sr_f_1_0_1_HardRainSunset_mid_": 29,
    "10_s-7_0_c_sr_f_1_0_1_MidRainSunset_high_": 29,
    "10_s-7_0_c_sr_f_1_0_1_MidRainSunset_low_": 29,
    "10_s-7_0_c_sr_f_1_0_1_MidRainSunset_mid_": 29,
    "10_s-7_0_c_sr_f_1_0_1_MidRainyNoon_high_": 29,
    "10_s-7_0_c_sr_f_1_0_1_MidRainyNoon_low_": 29,
    "10_s-7_0_c_sr_f_1_0_1_WetNoon_high_": 29,
    "10_t1-2_0_b_u_r_0_ClearSunset_high_": 88,
    "10_t1-2_0_b_u_r_0_ClearSunset_low_": 87,
    "10_t1-2_0_b_u_r_0_ClearSunset_mid_": 87,
    "10_t1-2_0_b_u_r_0_CloudyNoon_high_": 87,
    "10_t1-2_0_b_u_r_0_CloudyNoon_mid_": 87,
    "10_t1-2_0_b_u_r_0_CloudySunset_high_": 87,
    "10_t1-2_0_b_u_r_0_HardRainNoon_high_": 87,
    "10_t1-2_0_b_u_r_0_HardRainNoon_low_": 87,
    "10_t1-2_0_b_u_r_0_HardRainNoon_mid_": 87,
    "10_t1-2_0_b_u_r_0_HardRainSunset_low_": 87,
    "10_t1-2_0_b_u_r_0_MidRainSunset_high_": 86,
    "10_t1-2_0_b_u_r_0_MidRainSunset_low_": 87,
    "10_t1-2_0_b_u_r_0_MidRainSunset_mid_": 87,
    "10_t1-2_0_b_u_r_0_MidRainyNoon_low_": 87,
    "10_t1-2_0_b_u_r_0_MidRainyNoon_mid_": 87,
    "10_t1-2_0_b_u_r_0_5_ClearNoon_high_": 87,
    "10_t1-2_0_b_u_r_0_5_ClearNoon_low_": 85,
    "10_t1-2_0_b_u_r_0_5_ClearNoon_mid_": 85,
    "10_t1-2_0_b_u_r_0_5_CloudyNoon_high_": 87,
    "10_t1-2_0_b_u_r_0_5_CloudySunset_mid_": 85,
    "10_t1-2_0_b_u_r_0_5_HardRainNoon_low_": 87,
    "10_t1-2_0_b_u_r_0_5_HardRainSunset_high_": 85,
    "10_t1-2_0_b_u_r_0_5_HardRainSunset_low_": 87,
    "10_t1-2_0_b_u_r_0_5_HardRainSunset_mid_": 87,
    "10_t1-2_0_b_u_r_0_5_MidRainSunset_high_": 87,
    "10_t1-2_0_b_u_r_0_5_MidRainSunset_low_": 85,
    "10_t1-2_0_b_u_r_0_5_MidRainyNoon_high_": 87,
    "10_t1-2_0_b_u_r_0_5_MidRainyNoon_mid_": 85,
    "10_t1-2_0_b_u_r_0_5_WetSunset_high_": 85,
    "10_t1-2_0_b_u_r_0_5_WetSunset_low_": 85,
    "10_t1-2_0_p_j_r_j_ClearSunset_mid_": 51,
    "10_t1-2_0_p_j_r_j_CloudySunset_high_": 51,
    "10_t1-2_0_p_j_r_j_CloudySunset_low_": 51,
    "10_t1-2_0_p_j_r_j_CloudySunset_mid_": 51,
    "10_t1-2_0_p_j_r_j_HardRainNoon_high_": 51,
    "10_t1-2_0_p_j_r_j_HardRainNoon_low_": 51,
    "10_t1-2_0_p_j_r_j_HardRainSunset_high_": 51,
    "10_t1-2_0_p_j_r_j_HardRainSunset_low_": 51,
    "10_t1-2_0_p_j_r_j_HardRainSunset_mid_": 51,
    "10_t1-2_0_p_j_r_j_MidRainyNoon_high_": 51,
    "10_t1-2_0_p_j_r_j_MidRainyNoon_low_": 51,
    "10_t1-2_0_p_j_r_j_MidRainyNoon_mid_": 51,
    "10_t1-2_0_p_j_r_j_WetNoon_mid_": 51,
    "10_t1-2_0_p_j_r_j_WetSunset_high_": 51,
    "10_t1-5_0_p_j_r_j_ClearSunset_high_": 42,
    "10_t1-5_0_p_j_r_j_ClearSunset_low_": 42,
    "10_t1-5_0_p_j_r_j_CloudyNoon_high_": 42,
    "10_t1-5_0_p_j_r_j_HardRainNoon_high_": 43,
    "10_t1-5_0_p_j_r_j_HardRainNoon_low_": 43,
    "10_t1-5_0_p_j_r_j_HardRainSunset_low_": 43,
    "10_t1-5_0_p_j_r_j_MidRainSunset_high_": 42,
    "10_t1-5_0_p_j_r_j_MidRainSunset_mid_": 42,
    "10_t1-5_0_p_j_r_j_MidRainyNoon_high_": 42,
    "10_t1-5_0_p_j_r_j_MidRainyNoon_low_": 42,
    "10_t1-5_0_p_j_r_j_MidRainyNoon_mid_": 42,
    "10_t1-5_0_p_j_r_j_WetNoon_high_": 42,
    "10_t1-5_0_p_j_r_j_WetSunset_low_": 42,
    "10_t1-5_0_p_j_r_j_WetSunset_mid_": 42,
    "10_t2-1_1_c_u_f_0_ClearSunset_mid_": 68,
    "10_t2-1_1_c_u_f_0_CloudyNoon_high_": 68,
    "10_t2-1_1_c_u_f_0_CloudyNoon_mid_": 68,
    "10_t2-1_1_c_u_f_0_CloudySunset_high_": 68,
    "10_t2-1_1_c_u_f_0_CloudySunset_low_": 68,
    "10_t2-1_1_c_u_f_0_HardRainNoon_low_": 68,
    "10_t2-1_1_c_u_f_0_HardRainNoon_mid_": 68,
    "10_t2-1_1_c_u_f_0_HardRainSunset_low_": 68,
    "10_t2-1_1_c_u_f_0_HardRainSunset_mid_": 68,
    "10_t2-1_1_c_u_f_0_MidRainSunset_high_": 68,
    "10_t2-1_1_c_u_f_0_MidRainSunset_low_": 68,
    "10_t2-1_1_c_u_f_0_MidRainSunset_mid_": 68,
    "10_t2-1_1_c_u_f_0_MidRainyNoon_high_": 68,
    "10_t2-1_1_c_u_f_0_MidRainyNoon_low_": 68,
    "10_t2-1_1_c_u_f_0_MidRainyNoon_mid_": 68,
    "10_t2-1_1_c_u_f_0_WetNoon_mid_": 68,
    "10_t2-1_1_c_u_f_0_WetSunset_low_": 68,
    "10_t2-2_0_p_c_f_0_ClearSunset_low_": 53,
    "10_t2-2_0_p_c_f_0_ClearSunset_mid_": 53,
    "10_t2-2_0_p_c_f_0_CloudyNoon_high_": 54,
    "10_t2-2_0_p_c_f_0_CloudySunset_high_": 53,
    "10_t2-2_0_p_c_f_0_HardRainNoon_high_": 52,
    "10_t2-2_0_p_c_f_0_HardRainNoon_mid_": 52,
    "10_t2-2_0_p_c_f_0_HardRainSunset_high_": 53,
    "10_t2-2_0_p_c_f_0_HardRainSunset_mid_": 53,
    "10_t2-2_0_p_c_f_0_MidRainSunset_high_": 53,
    "10_t2-2_0_p_c_f_0_MidRainSunset_low_": 52,
    "10_t2-2_0_p_c_f_0_MidRainSunset_mid_": 53,
    "10_t2-2_0_p_c_f_0_MidRainyNoon_high_": 53,
    "10_t2-2_0_p_c_f_0_MidRainyNoon_low_": 52,
    "10_t2-2_0_p_c_f_0_WetNoon_high_": 53,
    "10_t2-2_0_p_c_f_0_WetSunset_high_": 52,
    "10_t2-2_0_p_c_f_0_WetSunset_mid_": 53,
    "10_t2-3_0_t_r_f_0_CloudyNoon_high_": 75,
    "10_t2-3_0_t_r_f_0_CloudySunset_low_": 75,
    "10_t2-3_0_t_r_f_0_HardRainSunset_low_": 75,
    "10_t2-3_0_t_r_f_0_HardRainSunset_mid_": 75,
    "10_t2-3_0_t_r_f_0_MidRainSunset_high_": 75,
    "10_t2-3_0_t_r_f_0_MidRainSunset_low_": 75,
    "10_t2-3_0_t_r_f_0_MidRainSunset_mid_": 75,
    "10_t2-3_0_t_r_f_0_MidRainyNoon_low_": 75,
    "10_t2-3_0_t_r_f_0_MidRainyNoon_mid_": 75,
    "10_t2-3_0_t_r_f_0_WetSunset_low_": 75,
    "10_t2-3_0_t_r_f_0_WetSunset_mid_": 75,
    "10_t2-5_0_p_c_r_0_ClearSunset_high_": 88,
    "10_t2-5_0_p_c_r_0_CloudyNoon_high_": 90,
    "10_t2-5_0_p_c_r_0_CloudyNoon_mid_": 89,
    "10_t2-5_0_p_c_r_0_CloudySunset_low_": 86,
    "10_t2-5_0_p_c_r_0_HardRainNoon_high_": 88,
    "10_t2-5_0_p_c_r_0_HardRainNoon_low_": 89,
    "10_t2-5_0_p_c_r_0_HardRainNoon_mid_": 90,
    "10_t2-5_0_p_c_r_0_HardRainSunset_high_": 89,
    "10_t2-5_0_p_c_r_0_HardRainSunset_low_": 89,
    "10_t2-5_0_p_c_r_0_MidRainSunset_high_": 89,
    "10_t2-5_0_p_c_r_0_MidRainSunset_mid_": 87,
    "10_t2-5_0_p_c_r_0_MidRainyNoon_high_": 89,
    "10_t2-5_0_p_c_r_0_MidRainyNoon_mid_": 89,
    "10_t2-5_0_p_c_r_0_WetNoon_mid_": 90,
    "10_t2-5_0_p_c_r_0_WetSunset_mid_": 88,
    "10_t2-5_0_t_r_f_0_ClearSunset_low_": 50,
    "10_t2-5_0_t_r_f_0_CloudySunset_mid_": 50,
    "10_t2-5_0_t_r_f_0_HardRainNoon_high_": 50,
    "10_t2-5_0_t_r_f_0_HardRainNoon_low_": 50,
    "10_t2-5_0_t_r_f_0_HardRainNoon_mid_": 50,
    "10_t2-5_0_t_r_f_0_HardRainSunset_high_": 50,
    "10_t2-5_0_t_r_f_0_HardRainSunset_low_": 50,
    "10_t2-5_0_t_r_f_0_HardRainSunset_mid_": 50,
    "10_t2-5_0_t_r_f_0_MidRainSunset_high_": 50,
    "10_t2-5_0_t_r_f_0_MidRainSunset_low_": 50,
    "10_t2-5_0_t_r_f_0_MidRainSunset_mid_": 50,
    "10_t2-5_0_t_r_f_0_WetNoon_mid_": 50,
    "10_t2-5_0_t_r_f_0_WetSunset_high_": 50,
    "10_t2-5_0_t_r_f_0_WetSunset_low_": 50,
    "10_t3-2_0_c_r_l_0_CloudySunset_high_": 49,
    "10_t3-2_0_c_r_l_0_CloudySunset_low_": 49,
    "10_t3-2_0_c_r_l_0_CloudySunset_mid_": 49,
    "10_t3-2_0_c_r_l_0_HardRainNoon_high_": 49,
    "10_t3-2_0_c_r_l_0_HardRainNoon_low_": 49,
    "10_t3-2_0_c_r_l_0_HardRainNoon_mid_": 49,
    "10_t3-2_0_c_r_l_0_HardRainSunset_high_": 49,
    "10_t3-2_0_c_r_l_0_HardRainSunset_low_": 49,
    "10_t3-2_0_c_r_l_0_HardRainSunset_mid_": 49,
    "10_t3-2_0_c_r_l_0_MidRainSunset_high_": 49,
    "10_t3-2_0_c_r_l_0_MidRainSunset_mid_": 49,
    "10_t3-2_0_c_r_l_0_MidRainyNoon_high_": 49,
    "10_t3-2_0_c_r_l_0_WetNoon_high_": 49,
    "10_t3-2_0_c_r_l_0_WetNoon_mid_": 50,
    "10_t3-2_0_c_r_l_0_WetSunset_high_": 49,
    "10_t3-2_0_c_r_l_0_WetSunset_low_": 49,
    "10_t3-2_0_p_c_l_0_ClearSunset_mid_": 99,
    "10_t3-2_0_p_c_l_0_HardRainNoon_high_": 98,
    "10_t3-2_0_p_c_l_0_HardRainNoon_low_": 99,
    "10_t3-2_0_p_c_l_0_HardRainNoon_mid_": 101,
    "10_t3-2_0_p_c_l_0_HardRainSunset_high_": 99,
    "10_t3-2_0_p_c_l_0_HardRainSunset_low_": 101,
    "10_t3-2_0_p_c_l_0_HardRainSunset_mid_": 103,
    "10_t3-2_0_p_c_l_0_MidRainSunset_high_": 103,
    "10_t3-2_0_p_c_l_0_MidRainSunset_mid_": 100,
    "10_t3-2_0_p_c_l_0_MidRainyNoon_high_": 99,
    "10_t3-2_0_p_c_l_0_MidRainyNoon_low_": 99,
    "10_t3-2_0_p_c_l_0_WetNoon_high_": 99,
    "10_t3-2_0_p_c_l_0_WetNoon_mid_": 99,
    "10_t3-2_0_p_c_l_0_WetSunset_high_": 101,
    "10_t3-2_0_p_c_l_0_WetSunset_low_": 101,
    "10_t3-2_0_p_c_l_0_WetSunset_mid_": 99,
    "10_t3-6_1_m_f_u_0_ClearSunset_mid_": 69,
    "10_t3-6_1_m_f_u_0_CloudyNoon_high_": 69,
    "10_t3-6_1_m_f_u_0_HardRainNoon_high_": 69,
    "10_t3-6_1_m_f_u_0_MidRainyNoon_high_": 71,
    "10_t3-6_1_m_f_u_0_MidRainyNoon_low_": 69,
    "10_t3-6_1_m_l_f_0_1_ClearSunset_high_": 33,
    "10_t3-6_1_m_l_f_0_1_ClearSunset_low_": 32,
    "10_t3-6_1_m_l_f_0_1_CloudyNoon_high_": 36,
    "10_t3-6_1_m_l_f_0_1_HardRainNoon_low_": 31,
    "10_t3-6_1_m_l_f_0_1_HardRainNoon_mid_": 32,
    "10_t3-6_1_m_l_f_0_1_HardRainSunset_high_": 32,
    "10_t3-6_1_m_l_f_0_1_HardRainSunset_low_": 32,
    "10_t3-6_1_m_l_f_0_1_MidRainSunset_mid_": 34,
    "10_t3-6_1_m_l_f_0_1_MidRainyNoon_high_": 31,
    "10_t3-6_1_m_l_f_0_1_MidRainyNoon_mid_": 31,
    "10_t3-6_1_m_l_f_0_1_WetNoon_high_": 32,
    "10_t3-6_1_m_l_f_0_1_WetNoon_mid_": 31,
    "10_t3-6_1_m_l_f_0_1_WetSunset_low_": 33,
    "10_t3-6_1_m_l_f_0_1_WetSunset_mid_": 33,
    "1_t1-1_1_b_r_r_0_ClearSunset_high_": 106,
    "1_t1-1_1_b_r_r_0_ClearSunset_low_": 106,
    "1_t1-1_1_b_r_r_0_ClearSunset_mid_": 108,
    "1_t1-1_1_b_r_r_0_CloudyNoon_mid_": 108,
    "1_t1-1_1_b_r_r_0_CloudySunset_high_": 108,
    "1_t1-1_1_b_r_r_0_CloudySunset_low_": 108,
    "1_t1-1_1_b_r_r_0_CloudySunset_mid_": 107,
    "1_t1-1_1_b_r_r_0_HardRainNoon_high_": 108,
    "1_t1-1_1_b_r_r_0_HardRainNoon_mid_": 108,
    "1_t1-1_1_b_r_r_0_HardRainSunset_high_": 108,
    "1_t1-1_1_b_r_r_0_HardRainSunset_mid_": 108,
    "1_t1-1_1_b_r_r_0_MidRainSunset_low_": 107,
    "1_t1-1_1_b_r_r_0_MidRainSunset_mid_": 108,
    "1_t1-1_1_b_r_r_0_MidRainyNoon_high_": 108,
    "1_t1-1_1_b_r_r_0_MidRainyNoon_low_": 108,
    "1_t1-1_1_b_r_r_0_MidRainyNoon_mid_": 108,
    "1_t1-1_1_b_r_r_0_WetNoon_high_": 107,
    "1_t2-3_1_p_c_r_1_0_ClearSunset_high_": 99,
    "1_t2-3_1_p_c_r_1_0_ClearSunset_mid_": 99,
    "1_t2-3_1_p_c_r_1_0_CloudySunset_low_": 99,
    "1_t2-3_1_p_c_r_1_0_HardRainNoon_high_": 99,
    "1_t2-3_1_p_c_r_1_0_HardRainNoon_low_": 99,
    "1_t2-3_1_p_c_r_1_0_HardRainNoon_mid_": 99,
    "1_t2-3_1_p_c_r_1_0_HardRainSunset_high_": 99,
    "1_t2-3_1_p_c_r_1_0_MidRainSunset_low_": 99,
    "1_t2-3_1_p_c_r_1_0_MidRainSunset_mid_": 99,
    "1_t2-3_1_p_c_r_1_0_MidRainyNoon_low_": 99,
    "1_t2-3_1_p_c_r_1_0_WetNoon_high_": 99,
    "1_t2-3_1_p_c_r_1_0_WetNoon_mid_": 99,
    "1_t2-3_1_p_c_r_1_0_WetSunset_mid_": 99,
    "2_s-3_0_p_j_f_j_ClearSunset_high_": 43,
    "2_s-3_0_p_j_f_j_ClearSunset_low_": 43,
    "2_s-3_0_p_j_f_j_ClearSunset_mid_": 43,
    "2_s-3_0_p_j_f_j_CloudyNoon_mid_": 43,
    "2_s-3_0_p_j_f_j_HardRainNoon_high_": 43,
    "2_s-3_0_p_j_f_j_HardRainNoon_mid_": 43,
    "2_s-3_0_p_j_f_j_HardRainSunset_high_": 43,
    "2_s-3_0_p_j_f_j_HardRainSunset_mid_": 43,
    "2_s-3_0_p_j_f_j_MidRainSunset_high_": 43,
    "2_s-3_0_p_j_f_j_MidRainSunset_low_": 43,
    "2_s-3_0_p_j_f_j_MidRainyNoon_low_": 43,
    "2_s-3_0_p_j_f_j_MidRainyNoon_mid_": 44,
    "2_s-3_0_p_j_f_j_WetNoon_high_": 43,
    "2_t1-3_1_p_j_l_j_ClearNoon_high_": 48,
    "2_t1-3_1_p_j_l_j_ClearNoon_low_": 48,
    "2_t1-3_1_p_j_l_j_ClearNoon_mid_": 48,
    "2_t1-3_1_p_j_l_j_ClearSunset_high_": 48,
    "2_t1-3_1_p_j_l_j_ClearSunset_low_": 48,
    "2_t1-3_1_p_j_l_j_CloudyNoon_low_": 48,
    "2_t1-3_1_p_j_l_j_CloudySunset_low_": 48,
    "2_t1-3_1_p_j_l_j_HardRainNoon_low_": 48,
    "2_t1-3_1_p_j_l_j_HardRainNoon_mid_": 48,
    "2_t1-3_1_p_j_l_j_HardRainSunset_high_": 48,
    "2_t1-3_1_p_j_l_j_HardRainSunset_low_": 48,
    "2_t1-3_1_p_j_l_j_MidRainSunset_low_": 48,
    "2_t1-3_1_p_j_l_j_MidRainyNoon_low_": 48,
    "2_t1-6_1_p_j_l_j_ClearNoon_high_": 39,
    "2_t1-6_1_p_j_l_j_ClearNoon_low_": 39,
    "2_t1-6_1_p_j_l_j_ClearNoon_mid_": 39,
    "2_t1-6_1_p_j_l_j_ClearSunset_high_": 39,
    "2_t1-6_1_p_j_l_j_ClearSunset_mid_": 39,
    "2_t1-6_1_p_j_l_j_CloudyNoon_mid_": 39,
    "2_t1-6_1_p_j_l_j_HardRainSunset_low_": 39,
    "2_t1-6_1_p_j_l_j_MidRainSunset_high_": 39,
    "2_t1-6_1_p_j_l_j_MidRainSunset_low_": 39,
    "2_t1-6_1_p_j_l_j_MidRainSunset_mid_": 39,
    "2_t1-6_1_p_j_l_j_MidRainyNoon_high_": 39,
    "2_t1-6_1_p_j_l_j_MidRainyNoon_low_": 39,
    "2_t1-6_1_p_j_l_j_WetSunset_high_": 39,
    "2_t1-6_1_p_j_l_j_WetSunset_low_": 39,
    "2_t3-1_1_p_c_l_0_ClearSunset_mid_": 68,
    "2_t3-1_1_p_c_l_0_CloudyNoon_high_": 69,
    "2_t3-1_1_p_c_l_0_CloudySunset_high_": 70,
    "2_t3-1_1_p_c_l_0_HardRainNoon_high_": 71,
    "2_t3-1_1_p_c_l_0_HardRainNoon_low_": 69,
    "2_t3-1_1_p_c_l_0_HardRainSunset_high_": 68,
    "2_t3-1_1_p_c_l_0_HardRainSunset_low_": 68,
    "2_t3-1_1_p_c_l_0_HardRainSunset_mid_": 70,
    "2_t3-1_1_p_c_l_0_MidRainyNoon_high_": 72,
    "2_t3-1_1_p_c_l_0_MidRainyNoon_low_": 71,
    "2_t3-1_1_p_c_l_0_MidRainyNoon_mid_": 73,
    "2_t3-1_1_p_c_l_0_WetSunset_high_": 71,
    "2_t3-1_1_p_c_l_0_WetSunset_low_": 69,
    "2_t3-8_1_p_j_l_j_ClearNoon_high_": 56,
    "2_t3-8_1_p_j_l_j_ClearNoon_low_": 56,
    "2_t3-8_1_p_j_l_j_ClearNoon_mid_": 56,
    "2_t3-8_1_p_j_l_j_ClearSunset_low_": 56,
    "2_t3-8_1_p_j_l_j_ClearSunset_mid_": 56,
    "2_t3-8_1_p_j_l_j_CloudyNoon_high_": 56,
    "2_t3-8_1_p_j_l_j_CloudySunset_mid_": 56,
    "2_t3-8_1_p_j_l_j_HardRainNoon_high_": 56,
    "2_t3-8_1_p_j_l_j_HardRainNoon_low_": 56,
    "2_t3-8_1_p_j_l_j_HardRainNoon_mid_": 56,
    "2_t3-8_1_p_j_l_j_HardRainSunset_low_": 56,
    "2_t3-8_1_p_j_l_j_HardRainSunset_mid_": 56,
    "2_t3-8_1_p_j_l_j_MidRainSunset_high_": 56,
    "2_t3-8_1_p_j_l_j_MidRainSunset_low_": 56,
    "2_t3-8_1_p_j_l_j_WetNoon_mid_": 56,
    "2_t3-8_1_p_j_l_j_WetSunset_high_": 56,
    "3_i-1_1_c_l_l_rl_ClearSunset_mid_": 56,
    "3_i-1_1_c_l_l_rl_CloudySunset_high_": 53,
    "3_i-1_1_c_l_l_rl_CloudySunset_low_": 57,
    "3_i-1_1_c_l_l_rl_HardRainNoon_high_": 57,
    "3_i-1_1_c_l_l_rl_HardRainNoon_low_": 57,
    "3_i-1_1_c_l_l_rl_HardRainNoon_mid_": 57,
    "3_i-1_1_c_l_l_rl_HardRainSunset_high_": 57,
    "3_i-1_1_c_l_l_rl_HardRainSunset_mid_": 57,
    "3_i-1_1_c_l_l_rl_MidRainSunset_high_": 55,
    "3_i-1_1_c_l_l_rl_MidRainSunset_low_": 57,
    "3_i-1_1_c_l_l_rl_MidRainSunset_mid_": 57,
    "3_i-1_1_c_l_l_rl_MidRainyNoon_high_": 57,
    "3_i-1_1_c_l_l_rl_MidRainyNoon_low_": 57,
    "3_i-1_1_c_l_l_rl_WetNoon_high_": 57,
    "3_i-1_1_c_l_l_rl_WetSunset_low_": 57,
    "3_i-1_1_c_r_r_0_ClearSunset_high_": 21,
    "3_i-1_1_c_r_r_0_ClearSunset_low_": 21,
    "3_i-1_1_c_r_r_0_ClearSunset_mid_": 21,
    "3_i-1_1_c_r_r_0_CloudyNoon_high_": 21,
    "3_i-1_1_c_r_r_0_CloudyNoon_mid_": 21,
    "3_i-1_1_c_r_r_0_CloudySunset_low_": 21,
    "3_i-1_1_c_r_r_0_HardRainNoon_high_": 21,
    "3_i-1_1_c_r_r_0_HardRainNoon_low_": 21,
    "3_i-1_1_c_r_r_0_HardRainNoon_mid_": 21,
    "3_i-1_1_c_r_r_0_HardRainSunset_high_": 21,
    "3_i-1_1_c_r_r_0_HardRainSunset_low_": 21,
    "3_i-1_1_c_r_r_0_HardRainSunset_mid_": 21,
    "3_i-1_1_c_r_r_0_MidRainSunset_high_": 21,
    "3_i-1_1_c_r_r_0_MidRainSunset_low_": 21,
    "3_i-1_1_c_r_r_0_MidRainSunset_mid_": 21,
    "3_i-1_1_c_r_r_0_MidRainyNoon_mid_": 21,
    "3_i-1_1_c_r_r_0_WetNoon_high_": 21,
    "3_i-1_1_c_r_r_0_WetSunset_high_": 21,
    "3_i-1_1_c_sr_r_1_0_ClearSunset_high_": 75,
    "3_i-1_1_c_sr_r_1_0_ClearSunset_mid_": 75,
    "3_i-1_1_c_sr_r_1_0_CloudySunset_low_": 75,
    "3_i-1_1_c_sr_r_1_0_HardRainNoon_low_": 76,
    "3_i-1_1_c_sr_r_1_0_HardRainNoon_mid_": 75,
    "3_i-1_1_c_sr_r_1_0_HardRainSunset_mid_": 75,
    "3_i-1_1_c_sr_r_1_0_MidRainSunset_high_": 75,
    "3_i-1_1_c_sr_r_1_0_MidRainyNoon_high_": 76,
    "3_i-1_1_c_sr_r_1_0_MidRainyNoon_mid_": 76,
    "3_i-1_1_c_sr_r_1_0_WetNoon_high_": 76,
    "3_i-1_1_c_sr_r_1_0_WetNoon_mid_": 76,
    "3_i-1_1_c_sr_r_1_0_WetSunset_high_": 75,
    "3_i-1_1_c_sr_r_1_0_WetSunset_low_": 75,
    "3_i-4_0_t_f_u_0_ClearSunset_low_": 55,
    "3_i-4_0_t_f_u_0_CloudySunset_mid_": 54,
    "3_i-4_0_t_f_u_0_HardRainNoon_high_": 55,
    "3_i-4_0_t_f_u_0_HardRainSunset_high_": 54,
    "3_i-4_0_t_f_u_0_HardRainSunset_low_": 54,
    "3_i-4_0_t_f_u_0_HardRainSunset_mid_": 55,
    "3_i-4_0_t_f_u_0_MidRainSunset_high_": 54,
    "3_i-4_0_t_f_u_0_MidRainSunset_low_": 54,
    "3_i-4_0_t_f_u_0_MidRainSunset_mid_": 54,
    "3_i-4_0_t_f_u_0_MidRainyNoon_low_": 56,
    "3_i-4_0_t_f_u_0_MidRainyNoon_mid_": 55,
    "3_i-4_0_t_f_u_0_WetNoon_high_": 54,
    "3_i-4_0_t_f_u_0_WetNoon_mid_": 54,
    "3_i-4_0_t_f_u_0_WetSunset_high_": 54,
    "3_i-4_0_t_f_u_0_WetSunset_mid_": 55,
    "3_i-4_0_t_l_l_0_ClearSunset_low_": 40,
    "3_i-4_0_t_l_l_0_ClearSunset_mid_": 40,
    "3_i-4_0_t_l_l_0_CloudyNoon_high_": 39,
    "3_i-4_0_t_l_l_0_HardRainNoon_low_": 40,
    "3_i-4_0_t_l_l_0_HardRainNoon_mid_": 40,
    "3_i-4_0_t_l_l_0_HardRainSunset_low_": 40,
    "3_i-4_0_t_l_l_0_HardRainSunset_mid_": 40,
    "3_i-4_0_t_l_l_0_MidRainSunset_high_": 40,
    "3_i-4_0_t_l_l_0_MidRainSunset_mid_": 40,
    "3_i-4_0_t_l_l_0_MidRainyNoon_high_": 40,
    "3_i-4_0_t_l_l_0_MidRainyNoon_low_": 40,
    "3_i-4_0_t_l_l_0_MidRainyNoon_mid_": 40,
    "3_i-4_0_t_l_l_0_WetNoon_high_": 40,
    "3_i-4_0_t_l_l_0_WetSunset_high_": 40,
    "3_i-4_0_t_l_l_0_WetSunset_low_": 40,
    "3_i-4_0_t_l_u_0_ClearSunset_high_": 58,
    "3_i-4_0_t_l_u_0_ClearSunset_low_": 58,
    "3_i-4_0_t_l_u_0_ClearSunset_mid_": 60,
    "3_i-4_0_t_l_u_0_CloudyNoon_high_": 59,
    "3_i-4_0_t_l_u_0_CloudySunset_low_": 60,
    "3_i-4_0_t_l_u_0_CloudySunset_mid_": 59,
    "3_i-4_0_t_l_u_0_HardRainNoon_low_": 59,
    "3_i-4_0_t_l_u_0_HardRainNoon_mid_": 60,
    "3_i-4_0_t_l_u_0_HardRainSunset_high_": 59,
    "3_i-4_0_t_l_u_0_HardRainSunset_low_": 60,
    "3_i-4_0_t_l_u_0_HardRainSunset_mid_": 61,
    "3_i-4_0_t_l_u_0_MidRainSunset_high_": 59,
    "3_i-4_0_t_l_u_0_MidRainyNoon_high_": 59,
    "3_i-4_0_t_l_u_0_MidRainyNoon_low_": 59,
    "3_i-4_0_t_l_u_0_MidRainyNoon_mid_": 59,
    "3_i-4_0_t_l_u_0_WetNoon_mid_": 59,
    "3_r-1_0_c_gr_gi_0_CloudyNoon_high_": 43,
    "3_r-1_0_c_gr_gi_0_CloudySunset_high_": 43,
    "3_r-1_0_c_gr_gi_0_CloudySunset_low_": 43,
    "3_r-1_0_c_gr_gi_0_CloudySunset_mid_": 43,
    "3_r-1_0_c_gr_gi_0_HardRainNoon_high_": 43,
    "3_r-1_0_c_gr_gi_0_HardRainNoon_low_": 43,
    "3_r-1_0_c_gr_gi_0_HardRainNoon_mid_": 43,
    "3_r-1_0_c_gr_gi_0_HardRainSunset_high_": 43,
    "3_r-1_0_c_gr_gi_0_HardRainSunset_low_": 43,
    "3_r-1_0_c_gr_gi_0_HardRainSunset_mid_": 43,
    "3_r-1_0_c_gr_gi_0_MidRainSunset_high_": 43,
    "3_r-1_0_c_gr_gi_0_MidRainyNoon_high_": 43,
    "3_r-1_0_c_gr_gi_0_MidRainyNoon_low_": 43,
    "3_r-1_0_c_gr_gi_0_MidRainyNoon_mid_": 43,
    "3_r-1_0_c_gr_gi_0_WetSunset_high_": 43,
    "3_r-1_0_c_gr_gi_0_WetSunset_low_": 43,
    "3_r-1_0_c_gr_gi_0_1_ClearSunset_mid_": 49,
    "3_r-1_0_c_gr_gi_0_1_CloudyNoon_mid_": 49,
    "3_r-1_0_c_gr_gi_0_1_CloudySunset_low_": 50,
    "3_r-1_0_c_gr_gi_0_1_HardRainNoon_high_": 50,
    "3_r-1_0_c_gr_gi_0_1_HardRainNoon_low_": 48,
    "3_r-1_0_c_gr_gi_0_1_HardRainNoon_mid_": 50,
    "3_r-1_0_c_gr_gi_0_1_HardRainSunset_low_": 49,
    "3_r-1_0_c_gr_gi_0_1_HardRainSunset_mid_": 49,
    "3_r-1_0_c_gr_gi_0_1_MidRainSunset_high_": 50,
    "3_r-1_0_c_gr_gi_0_1_MidRainSunset_mid_": 50,
    "3_r-1_0_c_gr_gi_0_1_MidRainyNoon_low_": 49,
    "3_r-1_0_c_gr_gi_0_1_MidRainyNoon_mid_": 49,
    "3_r-1_0_c_gr_gi_0_1_WetNoon_mid_": 49,
    "3_r-1_0_c_gr_gi_0_1_WetSunset_low_": 49,
    "3_r-1_0_p_j_er_1_j_ClearSunset_high_": 87,
    "3_r-1_0_p_j_er_1_j_ClearSunset_mid_": 87,
    "3_r-1_0_p_j_er_1_j_CloudyNoon_mid_": 87,
    "3_r-1_0_p_j_er_1_j_CloudySunset_high_": 87,
    "3_r-1_0_p_j_er_1_j_CloudySunset_low_": 87,
    "3_r-1_0_p_j_er_1_j_HardRainNoon_high_": 87,
    "3_r-1_0_p_j_er_1_j_HardRainNoon_low_": 87,
    "3_r-1_0_p_j_er_1_j_HardRainNoon_mid_": 87,
    "3_r-1_0_p_j_er_1_j_HardRainSunset_high_": 87,
    "3_r-1_0_p_j_er_1_j_HardRainSunset_low_": 86,
    "3_r-1_0_p_j_er_1_j_HardRainSunset_mid_": 87,
    "3_r-1_0_p_j_er_1_j_MidRainyNoon_mid_": 87,
    "3_r-1_0_p_j_er_1_j_WetNoon_high_": 87,
    "3_r-1_0_p_j_er_1_j_WetSunset_low_": 85,
    "3_r-1_0_p_j_er_1_j_WetSunset_mid_": 87,
    "3_r-1_0_p_j_gi_j_ClearSunset_high_": 36,
    "3_r-1_0_p_j_gi_j_ClearSunset_low_": 36,
    "3_r-1_0_p_j_gi_j_ClearSunset_mid_": 35,
    "3_r-1_0_p_j_gi_j_CloudyNoon_high_": 36,
    "3_r-1_0_p_j_gi_j_CloudyNoon_mid_": 35,
    "3_r-1_0_p_j_gi_j_CloudySunset_high_": 36,
    "3_r-1_0_p_j_gi_j_CloudySunset_low_": 35,
    "3_r-1_0_p_j_gi_j_CloudySunset_mid_": 36,
    "3_r-1_0_p_j_gi_j_HardRainNoon_high_": 36,
    "3_r-1_0_p_j_gi_j_HardRainNoon_low_": 36,
    "3_r-1_0_p_j_gi_j_HardRainNoon_mid_": 36,
    "3_r-1_0_p_j_gi_j_HardRainSunset_mid_": 36,
    "3_r-1_0_p_j_gi_j_MidRainSunset_high_": 36,
    "3_r-1_0_p_j_gi_j_MidRainSunset_mid_": 36,
    "3_r-1_0_p_j_gi_j_MidRainyNoon_high_": 36,
    "3_r-1_0_p_j_gi_j_MidRainyNoon_low_": 35,
    "3_r-1_0_p_j_gi_j_MidRainyNoon_mid_": 36,
    "3_r-1_0_p_j_gi_j_WetNoon_mid_": 35,
    "3_r-1_0_p_j_gr_1_j_2_ClearSunset_high_": 101,
    "3_r-1_0_p_j_gr_1_j_2_ClearSunset_low_": 101,
    "3_r-1_0_p_j_gr_1_j_2_CloudyNoon_mid_": 101,
    "3_r-1_0_p_j_gr_1_j_2_CloudySunset_high_": 103,
    "3_r-1_0_p_j_gr_1_j_2_CloudySunset_low_": 103,
    "3_r-1_0_p_j_gr_1_j_2_CloudySunset_mid_": 102,
    "3_r-1_0_p_j_gr_1_j_2_HardRainNoon_mid_": 101,
    "3_r-1_0_p_j_gr_1_j_2_HardRainSunset_low_": 101,
    "3_r-1_0_p_j_gr_1_j_2_HardRainSunset_mid_": 102,
    "3_r-1_0_p_j_gr_1_j_2_MidRainSunset_high_": 103,
    "3_r-1_0_p_j_gr_1_j_2_MidRainyNoon_high_": 101,
    "3_r-1_0_p_j_gr_1_j_2_MidRainyNoon_low_": 101,
    "3_r-1_0_p_j_gr_1_j_2_WetNoon_high_": 102,
    "3_r-1_0_p_j_gr_1_j_2_WetNoon_mid_": 102,
    "3_r-1_0_p_j_gr_1_j_2_WetSunset_mid_": 98,
    "3_r-1_0_p_j_gr_1_j_3_ClearSunset_high_": 86,
    "3_r-1_0_p_j_gr_1_j_3_ClearSunset_mid_": 86,
    "3_r-1_0_p_j_gr_1_j_3_CloudyNoon_high_": 86,
    "3_r-1_0_p_j_gr_1_j_3_CloudySunset_high_": 86,
    "3_r-1_0_p_j_gr_1_j_3_CloudySunset_low_": 86,
    "3_r-1_0_p_j_gr_1_j_3_HardRainNoon_high_": 86,
    "3_r-1_0_p_j_gr_1_j_3_HardRainSunset_high_": 86,
    "3_r-1_0_p_j_gr_1_j_3_HardRainSunset_low_": 86,
    "3_r-1_0_p_j_gr_1_j_3_HardRainSunset_mid_": 86,
    "3_r-1_0_p_j_gr_1_j_3_MidRainSunset_mid_": 86,
    "3_r-1_0_p_j_gr_1_j_3_MidRainyNoon_low_": 86,
    "3_r-1_0_p_j_gr_1_j_3_MidRainyNoon_mid_": 86,
    "3_r-1_0_p_j_gr_1_j_3_WetSunset_mid_": 86,
    "3_r-1_0_t_er_er_1_0_2_ClearSunset_high_": 50,
    "3_r-1_0_t_er_er_1_0_2_CloudySunset_mid_": 50,
    "3_r-1_0_t_er_er_1_0_2_HardRainNoon_low_": 50,
    "3_r-1_0_t_er_er_1_0_2_MidRainSunset_low_": 48,
    "3_r-1_0_t_er_er_1_0_2_MidRainSunset_mid_": 47,
    "3_r-1_0_t_er_er_1_0_2_MidRainyNoon_low_": 49,
    "3_r-1_0_t_gi_gr_1_0_1_CloudyNoon_mid_": 55,
    "3_r-1_0_t_gi_gr_1_0_1_CloudySunset_high_": 55,
    "3_r-1_0_t_gi_gr_1_0_1_HardRainNoon_high_": 55,
    "3_r-1_0_t_gi_gr_1_0_1_HardRainNoon_low_": 55,
    "3_r-1_0_t_gi_gr_1_0_1_HardRainNoon_mid_": 55,
    "3_r-1_0_t_gi_gr_1_0_1_HardRainSunset_high_": 55,
    "3_r-1_0_t_gi_gr_1_0_1_HardRainSunset_low_": 55,
    "3_r-1_0_t_gi_gr_1_0_1_HardRainSunset_mid_": 55,
    "3_r-1_0_t_gi_gr_1_0_1_MidRainSunset_high_": 57,
    "3_r-1_0_t_gi_gr_1_0_1_MidRainyNoon_low_": 55,
    "3_r-1_0_t_gi_gr_1_0_1_WetNoon_high_": 55,
    "3_r-1_0_t_gi_gr_1_0_1_WetSunset_mid_": 55,
    "3_s-12_0_t_sl_f_0_ClearSunset_high_": 50,
    "3_s-12_0_t_sl_f_0_ClearSunset_low_": 50,
    "3_s-12_0_t_sl_f_0_CloudySunset_mid_": 50,
    "3_s-12_0_t_sl_f_0_HardRainNoon_high_": 50,
    "3_s-12_0_t_sl_f_0_HardRainNoon_low_": 49,
    "3_s-12_0_t_sl_f_0_HardRainNoon_mid_": 50,
    "3_s-12_0_t_sl_f_0_HardRainSunset_high_": 50,
    "3_s-12_0_t_sl_f_0_HardRainSunset_low_": 50,
    "3_s-12_0_t_sl_f_0_HardRainSunset_mid_": 50,
    "3_s-12_0_t_sl_f_0_MidRainSunset_high_": 50,
    "3_s-12_0_t_sl_f_0_MidRainSunset_low_": 50,
    "3_s-12_0_t_sl_f_0_MidRainyNoon_high_": 50,
    "3_s-12_0_t_sl_f_0_WetNoon_high_": 50,
    "3_s-12_0_t_sl_f_0_WetNoon_mid_": 50,
    "3_s-12_0_t_sl_f_0_WetSunset_high_": 50,
    "3_s-12_0_t_sl_f_0_WetSunset_mid_": 50,
    "3_s-5_0_c_sl_sr_0_1_ClearSunset_high_": 26,
    "3_s-5_0_c_sl_sr_0_1_ClearSunset_mid_": 26,
    "3_s-5_0_c_sl_sr_0_1_CloudyNoon_mid_": 26,
    "3_s-5_0_c_sl_sr_0_1_CloudySunset_high_": 26,
    "3_s-5_0_c_sl_sr_0_1_CloudySunset_low_": 26,
    "3_s-5_0_c_sl_sr_0_1_CloudySunset_mid_": 26,
    "3_s-5_0_c_sl_sr_0_1_HardRainNoon_high_": 26,
    "3_s-5_0_c_sl_sr_0_1_HardRainNoon_low_": 26,
    "3_s-5_0_c_sl_sr_0_1_HardRainNoon_mid_": 26,
    "3_s-5_0_c_sl_sr_0_1_HardRainSunset_high_": 26,
    "3_s-5_0_c_sl_sr_0_1_HardRainSunset_low_": 26,
    "3_s-5_0_c_sl_sr_0_1_HardRainSunset_mid_": 26,
    "3_s-5_0_c_sl_sr_0_1_MidRainSunset_high_": 26,
    "3_s-5_0_c_sl_sr_0_1_MidRainSunset_low_": 26,
    "3_s-5_0_c_sl_sr_0_1_MidRainyNoon_high_": 26,
    "3_s-5_0_c_sl_sr_0_1_MidRainyNoon_low_": 26,
    "3_s-5_0_c_sl_sr_0_1_MidRainyNoon_mid_": 26,
    "3_s-5_0_c_sl_sr_0_1_WetNoon_high_": 26,
    "3_s-5_0_c_sl_sr_0_1_WetNoon_mid_": 26,
    "3_s-5_0_c_sl_sr_0_1_WetSunset_low_": 26,
    "3_s-5_0_c_sl_sr_0_2_ClearSunset_high_": 32,
    "3_s-5_0_c_sl_sr_0_2_ClearSunset_low_": 33,
    "3_s-5_0_c_sl_sr_0_2_ClearSunset_mid_": 34,
    "3_s-5_0_c_sl_sr_0_2_CloudyNoon_high_": 34,
    "3_s-5_0_c_sl_sr_0_2_CloudySunset_low_": 33,
    "3_s-5_0_c_sl_sr_0_2_HardRainNoon_low_": 33,
    "3_s-5_0_c_sl_sr_0_2_HardRainNoon_mid_": 33,
    "3_s-5_0_c_sl_sr_0_2_HardRainSunset_high_": 32,
    "3_s-5_0_c_sl_sr_0_2_HardRainSunset_low_": 34,
    "3_s-5_0_c_sl_sr_0_2_HardRainSunset_mid_": 32,
    "3_s-5_0_c_sl_sr_0_2_MidRainSunset_high_": 32,
    "3_s-5_0_c_sl_sr_0_2_MidRainSunset_low_": 33,
    "3_s-5_0_c_sl_sr_0_2_MidRainyNoon_high_": 34,
    "3_s-5_0_c_sl_sr_0_2_MidRainyNoon_low_": 34,
    "3_s-5_0_c_sl_sr_0_2_WetNoon_high_": 34,
    "3_s-5_0_c_sl_sr_0_2_WetNoon_mid_": 33,
    "3_s-5_0_c_sl_sr_0_2_WetSunset_high_": 33,
    "3_s-5_0_c_sl_sr_0_2_WetSunset_mid_": 32,
    "3_s-5_0_c_sr_sl_0_ClearSunset_low_": 23,
    "3_s-5_0_c_sr_sl_0_ClearSunset_mid_": 24,
    "3_s-5_0_c_sr_sl_0_CloudyNoon_high_": 24,
    "3_s-5_0_c_sr_sl_0_CloudySunset_high_": 24,
    "3_s-5_0_c_sr_sl_0_CloudySunset_low_": 23,
    "3_s-5_0_c_sr_sl_0_CloudySunset_mid_": 24,
    "3_s-5_0_c_sr_sl_0_HardRainNoon_high_": 23,
    "3_s-5_0_c_sr_sl_0_HardRainNoon_low_": 24,
    "3_s-5_0_c_sr_sl_0_HardRainSunset_high_": 24,
    "3_s-5_0_c_sr_sl_0_HardRainSunset_low_": 23,
    "3_s-5_0_c_sr_sl_0_HardRainSunset_mid_": 24,
    "3_s-5_0_c_sr_sl_0_MidRainSunset_high_": 24,
    "3_s-5_0_c_sr_sl_0_MidRainSunset_mid_": 24,
    "3_s-5_0_c_sr_sl_0_MidRainyNoon_high_": 23,
    "3_s-5_0_c_sr_sl_0_MidRainyNoon_mid_": 23,
    "3_s-5_0_c_sr_sl_0_WetNoon_mid_": 24,
    "3_s-5_0_t_sl_f_1_0_ClearSunset_mid_": 96,
    "3_s-5_0_t_sl_f_1_0_CloudySunset_low_": 97,
    "3_s-5_0_t_sl_f_1_0_CloudySunset_mid_": 96,
    "3_s-5_0_t_sl_f_1_0_HardRainNoon_high_": 97,
    "3_s-5_0_t_sl_f_1_0_HardRainNoon_mid_": 97,
    "3_s-5_0_t_sl_f_1_0_HardRainSunset_low_": 97,
    "3_s-5_0_t_sl_f_1_0_HardRainSunset_mid_": 97,
    "3_s-5_0_t_sl_f_1_0_MidRainSunset_high_": 97,
    "3_s-5_0_t_sl_f_1_0_MidRainSunset_low_": 96,
    "3_s-5_0_t_sl_f_1_0_MidRainSunset_mid_": 97,
    "3_s-5_0_t_sl_f_1_0_MidRainyNoon_high_": 97,
    "3_s-5_0_t_sl_f_1_0_MidRainyNoon_low_": 97,
    "3_s-5_0_t_sl_f_1_0_WetSunset_high_": 96,
    "3_s-5_0_t_sl_f_1_0_WetSunset_low_": 97,
    "3_s-6_0_c_f_sr_0_ClearSunset_high_": 41,
    "3_s-6_0_c_f_sr_0_ClearSunset_mid_": 41,
    "3_s-6_0_c_f_sr_0_CloudyNoon_mid_": 44,
    "3_s-6_0_c_f_sr_0_CloudySunset_low_": 44,
    "3_s-6_0_c_f_sr_0_HardRainNoon_low_": 47,
    "3_s-6_0_c_f_sr_0_HardRainNoon_mid_": 47,
    "3_s-6_0_c_f_sr_0_MidRainSunset_mid_": 45,
    "3_s-6_0_c_f_sr_0_WetSunset_high_": 46,
    "3_s-7_0_c_sr_f_0_ClearSunset_high_": 62,
    "3_s-7_0_c_sr_f_0_CloudySunset_high_": 63,
    "3_s-7_0_c_sr_f_0_CloudySunset_low_": 62,
    "3_s-7_0_c_sr_f_0_CloudySunset_mid_": 63,
    "3_s-7_0_c_sr_f_0_HardRainNoon_low_": 63,
    "3_s-7_0_c_sr_f_0_HardRainNoon_mid_": 62,
    "3_s-7_0_c_sr_f_0_HardRainSunset_high_": 63,
    "3_s-7_0_c_sr_f_0_HardRainSunset_low_": 62,
    "3_s-7_0_c_sr_f_0_MidRainSunset_high_": 62,
    "3_s-7_0_c_sr_f_0_MidRainSunset_low_": 63,
    "3_s-7_0_c_sr_f_0_MidRainSunset_mid_": 62,
    "3_s-7_0_c_sr_f_0_MidRainyNoon_high_": 62,
    "3_s-7_0_c_sr_f_0_WetSunset_low_": 63,
    "3_s-7_0_c_sr_f_0_WetSunset_mid_": 63,
    "3_t1-10_0_p_c_r_0_ClearSunset_high_": 77,
    "3_t1-10_0_p_c_r_0_CloudyNoon_mid_": 78,
    "3_t1-10_0_p_c_r_0_CloudySunset_mid_": 78,
    "3_t1-10_0_p_c_r_0_HardRainNoon_high_": 79,
    "3_t1-10_0_p_c_r_0_HardRainNoon_low_": 78,
    "3_t1-10_0_p_c_r_0_HardRainNoon_mid_": 78,
    "3_t1-10_0_p_c_r_0_HardRainSunset_high_": 76,
    "3_t1-10_0_p_c_r_0_HardRainSunset_low_": 78,
    "3_t1-10_0_p_c_r_0_HardRainSunset_mid_": 77,
    "3_t1-10_0_p_c_r_0_MidRainSunset_high_": 77,
    "3_t1-10_0_p_c_r_0_MidRainSunset_low_": 78,
    "3_t1-10_0_p_c_r_0_MidRainSunset_mid_": 77,
    "3_t1-10_0_p_c_r_0_MidRainyNoon_low_": 77,
    "3_t1-10_0_p_c_r_0_MidRainyNoon_mid_": 77,
    "3_t1-10_0_p_c_r_0_WetNoon_mid_": 77,
    "3_t1-10_0_p_c_r_0_WetSunset_high_": 78,
    "3_t1-10_0_p_c_r_0_WetSunset_low_": 78,
    "3_t1-10_0_p_c_r_0_WetSunset_mid_": 76,
    "3_t1-2_0_p_c_f_0_ClearSunset_high_": 40,
    "3_t1-2_0_p_c_f_0_ClearSunset_low_": 40,
    "3_t1-2_0_p_c_f_0_ClearSunset_mid_": 40,
    "3_t1-2_0_p_c_f_0_CloudyNoon_high_": 40,
    "3_t1-2_0_p_c_f_0_CloudyNoon_mid_": 40,
    "3_t1-2_0_p_c_f_0_CloudySunset_mid_": 39,
    "3_t1-2_0_p_c_f_0_HardRainNoon_high_": 40,
    "3_t1-2_0_p_c_f_0_HardRainNoon_low_": 40,
    "3_t1-2_0_p_c_f_0_HardRainNoon_mid_": 40,
    "3_t1-2_0_p_c_f_0_HardRainSunset_low_": 40,
    "3_t1-2_0_p_c_f_0_HardRainSunset_mid_": 41,
    "3_t1-2_0_p_c_f_0_MidRainSunset_high_": 40,
    "3_t1-2_0_p_c_f_0_MidRainSunset_low_": 40,
    "3_t1-2_0_p_c_f_0_MidRainSunset_mid_": 42,
    "3_t1-2_0_p_c_f_0_MidRainyNoon_low_": 40,
    "3_t1-2_0_p_c_f_0_MidRainyNoon_mid_": 39,
    "3_t1-2_0_p_c_f_0_WetNoon_high_": 40,
    "3_t1-2_0_p_c_f_0_WetNoon_mid_": 40,
    "3_t1-2_0_p_c_f_0_WetSunset_high_": 40,
    "3_t1-2_0_p_c_f_0_WetSunset_low_": 40,
    "3_t1-2_0_p_c_f_0_1_ClearSunset_high_": 32,
    "3_t1-2_0_p_c_f_0_1_ClearSunset_mid_": 32,
    "3_t1-2_0_p_c_f_0_1_CloudySunset_low_": 32,
    "3_t1-2_0_p_c_f_0_1_CloudySunset_mid_": 32,
    "3_t1-2_0_p_c_f_0_1_HardRainNoon_high_": 32,
    "3_t1-2_0_p_c_f_0_1_HardRainNoon_low_": 32,
    "3_t1-2_0_p_c_f_0_1_HardRainNoon_mid_": 32,
    "3_t1-2_0_p_c_f_0_1_HardRainSunset_high_": 32,
    "3_t1-2_0_p_c_f_0_1_HardRainSunset_low_": 32,
    "3_t1-2_0_p_c_f_0_1_HardRainSunset_mid_": 32,
    "3_t1-2_0_p_c_f_0_1_MidRainSunset_low_": 32,
    "3_t1-2_0_p_c_f_0_1_MidRainSunset_mid_": 32,
    "3_t1-2_0_p_c_f_0_1_MidRainyNoon_high_": 32,
    "3_t1-2_0_p_c_f_0_1_MidRainyNoon_low_": 32,
    "3_t1-2_0_p_c_f_0_1_MidRainyNoon_mid_": 32,
    "3_t1-2_0_p_c_f_0_1_WetNoon_mid_": 32,
    "3_t1-2_0_p_c_f_0_1_WetSunset_low_": 32,
    "3_t1-3_1_p_c_r_0_2_ClearSunset_low_": 86,
    "3_t1-3_1_p_c_r_0_2_CloudySunset_high_": 86,
    "3_t1-3_1_p_c_r_0_2_CloudySunset_mid_": 86,
    "3_t1-3_1_p_c_r_0_2_HardRainNoon_high_": 86,
    "3_t1-3_1_p_c_r_0_2_HardRainNoon_low_": 90,
    "3_t1-3_1_p_c_r_0_2_HardRainSunset_high_": 84,
    "3_t1-3_1_p_c_r_0_2_MidRainSunset_low_": 93,
    "3_t1-3_1_p_c_r_0_2_MidRainSunset_mid_": 90,
    "3_t1-3_1_p_c_r_0_2_MidRainyNoon_mid_": 86,
    "3_t1-3_1_p_c_r_0_2_WetNoon_mid_": 86,
    "3_t1-3_1_p_c_r_0_2_WetSunset_high_": 86,
    "3_t1-3_1_p_c_r_0_2_WetSunset_low_": 88,
    "3_t1-3_1_p_c_r_0_2_WetSunset_mid_": 86,
    "3_t2-2_0_b_f_u_0_CloudySunset_low_": 100,
    "3_t2-2_0_b_f_u_0_HardRainNoon_high_": 103,
    "3_t2-2_0_b_f_u_0_HardRainSunset_high_": 99,
    "3_t2-2_0_b_f_u_0_HardRainSunset_mid_": 103,
    "3_t2-2_0_b_f_u_0_MidRainSunset_high_": 103,
    "3_t2-2_0_b_f_u_0_MidRainSunset_low_": 103,
    "3_t2-2_0_b_f_u_0_MidRainyNoon_high_": 102,
    "3_t2-2_0_b_f_u_0_MidRainyNoon_low_": 102,
    "3_t2-2_0_b_f_u_0_WetSunset_low_": 102,
    "3_t2-2_0_b_f_u_0_WetSunset_mid_": 102,
    "3_t2-2_0_b_l_u_0_ClearSunset_high_": 102,
    "3_t2-2_0_b_l_u_0_CloudySunset_high_": 102,
    "3_t2-2_0_b_l_u_0_HardRainNoon_high_": 102,
    "3_t2-2_0_b_l_u_0_HardRainNoon_low_": 102,
    "3_t2-2_0_b_l_u_0_HardRainSunset_high_": 102,
    "3_t2-2_0_b_l_u_0_HardRainSunset_mid_": 102,
    "3_t2-2_0_b_l_u_0_MidRainSunset_low_": 102,
    "3_t2-2_0_b_l_u_0_MidRainyNoon_high_": 102,
    "3_t2-2_0_b_l_u_0_MidRainyNoon_low_": 102,
    "3_t2-2_0_b_l_u_0_MidRainyNoon_mid_": 102,
    "3_t2-2_0_b_l_u_0_WetNoon_high_": 102,
    "3_t2-2_0_b_l_u_0_WetNoon_mid_": 102,
    "3_t2-2_0_b_l_u_0_WetSunset_low_": 102,
    "3_t2-2_0_b_l_u_0_WetSunset_mid_": 102,
    "3_t2-2_0_b_u_r_0_ClearSunset_high_": 71,
    "3_t2-2_0_b_u_r_0_ClearSunset_low_": 71,
    "3_t2-2_0_b_u_r_0_CloudyNoon_mid_": 72,
    "3_t2-2_0_b_u_r_0_CloudySunset_low_": 72,
    "3_t2-2_0_b_u_r_0_CloudySunset_mid_": 72,
    "3_t2-2_0_b_u_r_0_HardRainNoon_high_": 72,
    "3_t2-2_0_b_u_r_0_HardRainNoon_low_": 72,
    "3_t2-2_0_b_u_r_0_HardRainNoon_mid_": 72,
    "3_t2-2_0_b_u_r_0_HardRainSunset_high_": 72,
    "3_t2-2_0_b_u_r_0_MidRainSunset_high_": 73,
    "3_t2-2_0_b_u_r_0_MidRainSunset_low_": 72,
    "3_t2-2_0_b_u_r_0_MidRainSunset_mid_": 72,
    "3_t2-2_0_b_u_r_0_MidRainyNoon_high_": 72,
    "3_t2-2_0_b_u_r_0_MidRainyNoon_mid_": 72,
    "3_t2-2_0_b_u_r_0_WetNoon_high_": 72,
    "3_t2-2_0_b_u_r_0_WetSunset_mid_": 72,
    "3_t2-2_0_b_u_r_0_5_ClearNoon_high_": 71,
    "3_t2-2_0_b_u_r_0_5_ClearNoon_low_": 71,
    "3_t2-2_0_b_u_r_0_5_ClearNoon_mid_": 71,
    "3_t2-2_0_p_c_f_0_ClearSunset_mid_": 61,
    "3_t2-2_0_p_c_f_0_CloudyNoon_mid_": 61,
    "3_t2-2_0_p_c_f_0_CloudySunset_high_": 61,
    "3_t2-2_0_p_c_f_0_HardRainNoon_high_": 61,
    "3_t2-2_0_p_c_f_0_HardRainNoon_low_": 61,
    "3_t2-2_0_p_c_f_0_HardRainNoon_mid_": 61,
    "3_t2-2_0_p_c_f_0_HardRainSunset_low_": 61,
    "3_t2-2_0_p_c_f_0_HardRainSunset_mid_": 61,
    "3_t2-2_0_p_c_f_0_MidRainSunset_high_": 61,
    "3_t2-2_0_p_c_f_0_MidRainSunset_mid_": 61,
    "3_t2-2_0_p_c_f_0_MidRainyNoon_high_": 61,
    "3_t2-2_0_p_c_f_0_MidRainyNoon_mid_": 61,
    "3_t2-2_0_p_c_f_0_WetNoon_mid_": 61,
    "3_t2-2_0_p_c_f_0_WetSunset_low_": 61,
    "3_t2-2_0_p_c_f_0_WetSunset_mid_": 61,
    "3_t2-2_0_p_c_f_0_1_ClearSunset_high_": 63,
    "3_t2-2_0_p_c_f_0_1_ClearSunset_mid_": 63,
    "3_t2-2_0_p_c_f_0_1_CloudyNoon_high_": 63,
    "3_t2-2_0_p_c_f_0_1_CloudySunset_low_": 63,
    "3_t2-2_0_p_c_f_0_1_HardRainNoon_high_": 63,
    "3_t2-2_0_p_c_f_0_1_HardRainNoon_mid_": 63,
    "3_t2-2_0_p_c_f_0_1_HardRainSunset_high_": 63,
    "3_t2-2_0_p_c_f_0_1_HardRainSunset_low_": 63,
    "3_t2-2_0_p_c_f_0_1_HardRainSunset_mid_": 63,
    "3_t2-2_0_p_c_f_0_1_MidRainSunset_high_": 63,
    "3_t2-2_0_p_c_f_0_1_MidRainSunset_low_": 63,
    "3_t2-2_0_p_c_f_0_1_MidRainSunset_mid_": 63,
    "3_t2-2_0_p_c_f_0_1_MidRainyNoon_high_": 63,
    "3_t2-2_0_p_c_f_0_1_MidRainyNoon_low_": 63,
    "3_t2-2_0_p_c_f_0_1_WetNoon_mid_": 63,
    "3_t2-2_0_p_c_f_0_1_WetSunset_high_": 63,
    "3_t2-2_0_p_c_f_0_1_WetSunset_low_": 63,
    "3_t2-2_0_p_c_f_0_4_ClearSunset_high_": 25,
    "3_t2-2_0_p_c_f_0_4_ClearSunset_low_": 25,
    "3_t2-2_0_p_c_f_0_4_CloudyNoon_high_": 25,
    "3_t2-2_0_p_c_f_0_4_CloudySunset_mid_": 25,
    "3_t2-2_0_p_c_f_0_4_HardRainNoon_high_": 25,
    "3_t2-2_0_p_c_f_0_4_HardRainNoon_low_": 25,
    "3_t2-2_0_p_c_f_0_4_HardRainSunset_mid_": 25,
    "3_t2-2_0_p_c_f_0_4_MidRainSunset_high_": 25,
    "3_t2-2_0_p_c_f_0_4_MidRainSunset_low_": 25,
    "3_t2-2_0_p_c_f_0_4_MidRainSunset_mid_": 25,
    "3_t2-2_0_p_c_f_0_4_MidRainyNoon_high_": 25,
    "3_t2-2_0_p_c_f_0_4_MidRainyNoon_mid_": 25,
    "3_t2-2_0_p_c_f_0_4_WetNoon_mid_": 25,
    "3_t2-2_0_p_c_f_0_4_WetSunset_high_": 25,
    "5_i-12_1_c_sr_r_0_ClearSunset_high_": 50,
    "5_i-12_1_c_sr_r_0_ClearSunset_low_": 50,
    "5_i-12_1_c_sr_r_0_ClearSunset_mid_": 51,
    "5_i-12_1_c_sr_r_0_CloudyNoon_high_": 51,
    "5_i-12_1_c_sr_r_0_HardRainNoon_high_": 50,
    "5_i-12_1_c_sr_r_0_HardRainNoon_low_": 50,
    "5_i-12_1_c_sr_r_0_HardRainNoon_mid_": 51,
    "5_i-12_1_c_sr_r_0_HardRainSunset_high_": 51,
    "5_i-12_1_c_sr_r_0_MidRainSunset_high_": 50,
    "5_i-12_1_c_sr_r_0_MidRainSunset_low_": 50,
    "5_i-12_1_c_sr_r_0_MidRainSunset_mid_": 50,
    "5_i-12_1_c_sr_r_0_MidRainyNoon_low_": 50,
    "5_i-12_1_c_sr_r_0_WetNoon_high_": 50,
    "5_i-12_1_c_sr_r_0_WetNoon_mid_": 50,
    "5_i-12_1_c_sr_r_0_WetSunset_high_": 50,
    "5_i-12_1_c_sr_r_0_1_ClearSunset_low_": 38,
    "5_i-12_1_c_sr_r_0_1_CloudyNoon_high_": 38,
    "5_i-12_1_c_sr_r_0_1_CloudyNoon_mid_": 38,
    "5_i-12_1_c_sr_r_0_1_CloudySunset_high_": 38,
    "5_i-12_1_c_sr_r_0_1_CloudySunset_low_": 38,
    "5_i-12_1_c_sr_r_0_1_CloudySunset_mid_": 38,
    "5_i-12_1_c_sr_r_0_1_HardRainNoon_high_": 38,
    "5_i-12_1_c_sr_r_0_1_HardRainNoon_low_": 38,
    "5_i-12_1_c_sr_r_0_1_HardRainNoon_mid_": 38,
    "5_i-12_1_c_sr_r_0_1_HardRainSunset_high_": 38,
    "5_i-12_1_c_sr_r_0_1_HardRainSunset_low_": 38,
    "5_i-12_1_c_sr_r_0_1_HardRainSunset_mid_": 38,
    "5_i-12_1_c_sr_r_0_1_MidRainSunset_high_": 38,
    "5_i-12_1_c_sr_r_0_1_MidRainSunset_low_": 38,
    "5_i-12_1_c_sr_r_0_1_MidRainyNoon_mid_": 38,
    "5_i-12_1_c_sr_r_0_1_WetSunset_high_": 38,
    "5_i-12_1_c_sr_r_0_1_WetSunset_mid_": 38,
    "5_i-13_0_c_sr_r_0_1_ClearSunset_high_": 37,
    "5_i-13_0_c_sr_r_0_1_ClearSunset_low_": 38,
    "5_i-13_0_c_sr_r_0_1_ClearSunset_mid_": 37,
    "5_i-13_0_c_sr_r_0_1_CloudyNoon_high_": 38,
    "5_i-13_0_c_sr_r_0_1_CloudyNoon_mid_": 37,
    "5_i-13_0_c_sr_r_0_1_CloudySunset_mid_": 38,
    "5_i-13_0_c_sr_r_0_1_HardRainNoon_mid_": 38,
    "5_i-13_0_c_sr_r_0_1_HardRainSunset_low_": 37,
    "5_i-13_0_c_sr_r_0_1_MidRainSunset_high_": 37,
    "5_i-13_0_c_sr_r_0_1_MidRainSunset_mid_": 38,
    "5_i-13_0_c_sr_r_0_1_MidRainyNoon_high_": 37,
    "5_i-13_0_c_sr_r_0_1_MidRainyNoon_low_": 38,
    "5_i-13_0_c_sr_r_0_1_MidRainyNoon_mid_": 37,
    "5_i-13_0_c_sr_r_0_1_WetSunset_high_": 38,
    "5_i-13_0_c_sr_r_0_1_WetSunset_low_": 37,
    "5_i-7_1_c_f_sl_0_ClearSunset_low_": 46,
    "5_i-7_1_c_f_sl_0_CloudyNoon_high_": 46,
    "5_i-7_1_c_f_sl_0_CloudySunset_high_": 46,
    "5_i-7_1_c_f_sl_0_CloudySunset_mid_": 46,
    "5_i-7_1_c_f_sl_0_HardRainNoon_high_": 46,
    "5_i-7_1_c_f_sl_0_HardRainNoon_low_": 46,
    "5_i-7_1_c_f_sl_0_HardRainNoon_mid_": 46,
    "5_i-7_1_c_f_sl_0_HardRainSunset_high_": 46,
    "5_i-7_1_c_f_sl_0_HardRainSunset_low_": 46,
    "5_i-7_1_c_f_sl_0_HardRainSunset_mid_": 46,
    "5_i-7_1_c_f_sl_0_MidRainSunset_high_": 46,
    "5_i-7_1_c_f_sl_0_MidRainSunset_low_": 46,
    "5_i-7_1_c_f_sl_0_MidRainyNoon_low_": 46,
    "5_i-7_1_c_f_sl_0_MidRainyNoon_mid_": 46,
    "5_i-7_1_c_f_sl_0_WetSunset_mid_": 46,
    "5_i-7_1_c_f_sr_0_2_ClearSunset_high_": 38,
    "5_i-7_1_c_f_sr_0_2_ClearSunset_low_": 38,
    "5_i-7_1_c_f_sr_0_2_CloudyNoon_mid_": 38,
    "5_i-7_1_c_f_sr_0_2_CloudySunset_high_": 40,
    "5_i-7_1_c_f_sr_0_2_CloudySunset_mid_": 40,
    "5_i-7_1_c_f_sr_0_2_HardRainNoon_high_": 40,
    "5_i-7_1_c_f_sr_0_2_HardRainNoon_low_": 37,
    "5_i-7_1_c_f_sr_0_2_HardRainNoon_mid_": 38,
    "5_i-7_1_c_f_sr_0_2_HardRainSunset_high_": 40,
    "5_i-7_1_c_f_sr_0_2_HardRainSunset_low_": 37,
    "5_i-7_1_c_f_sr_0_2_HardRainSunset_mid_": 38,
    "5_i-7_1_c_f_sr_0_2_MidRainSunset_high_": 37,
    "5_i-7_1_c_f_sr_0_2_MidRainSunset_low_": 37,
    "5_i-7_1_c_f_sr_0_2_MidRainSunset_mid_": 40,
    "5_i-7_1_c_f_sr_0_2_MidRainyNoon_mid_": 38,
    "5_i-7_1_c_f_sr_0_2_WetNoon_high_": 39,
    "5_i-7_1_m_f_l_0_ClearSunset_low_": 60,
    "5_i-7_1_m_f_l_0_CloudySunset_low_": 61,
    "5_i-7_1_m_f_l_0_HardRainNoon_low_": 62,
    "5_i-7_1_m_f_l_0_HardRainSunset_mid_": 61,
    "5_i-7_1_m_f_l_0_MidRainSunset_low_": 60,
    "5_i-7_1_m_f_l_0_MidRainyNoon_high_": 60,
    "5_i-7_1_m_f_l_0_WetNoon_high_": 64,
    "5_i-7_1_m_f_l_0_WetSunset_mid_": 63,
    "5_i-7_1_m_f_r_0_ClearSunset_high_": 62,
    "5_i-7_1_m_f_r_0_CloudyNoon_high_": 62,
    "5_i-7_1_m_f_r_0_CloudySunset_high_": 62,
    "5_i-7_1_m_f_r_0_CloudySunset_mid_": 62,
    "5_i-7_1_m_f_r_0_HardRainNoon_mid_": 62,
    "5_i-7_1_m_f_r_0_HardRainSunset_high_": 62,
    "5_i-7_1_m_f_r_0_MidRainSunset_low_": 62,
    "5_i-7_1_m_f_r_0_MidRainSunset_mid_": 62,
    "5_i-7_1_m_f_r_0_MidRainyNoon_high_": 62,
    "5_i-7_1_m_f_r_0_MidRainyNoon_low_": 62,
    "5_i-7_1_m_f_r_0_MidRainyNoon_mid_": 62,
    "5_i-7_1_m_f_r_0_WetNoon_high_": 62,
    "5_i-7_1_m_f_r_0_WetSunset_low_": 62,
    "5_i-7_1_m_f_r_0_WetSunset_mid_": 62,
    "5_s-11_0_t_sl_sr_0_ClearSunset_low_": 25,
    "5_s-11_0_t_sl_sr_0_CloudyNoon_high_": 25,
    "5_s-11_0_t_sl_sr_0_CloudySunset_high_": 25,
    "5_s-11_0_t_sl_sr_0_CloudySunset_mid_": 25,
    "5_s-11_0_t_sl_sr_0_HardRainNoon_high_": 25,
    "5_s-11_0_t_sl_sr_0_HardRainSunset_high_": 25,
    "5_s-11_0_t_sl_sr_0_HardRainSunset_mid_": 25,
    "5_s-11_0_t_sl_sr_0_MidRainSunset_high_": 25,
    "5_s-11_0_t_sl_sr_0_MidRainSunset_low_": 25,
    "5_s-11_0_t_sl_sr_0_MidRainSunset_mid_": 25,
    "5_s-11_0_t_sl_sr_0_MidRainyNoon_low_": 25,
    "5_s-11_0_t_sl_sr_0_MidRainyNoon_mid_": 25,
    "5_s-11_0_t_sl_sr_0_WetNoon_mid_": 25,
    "5_s-11_0_t_sl_sr_0_WetSunset_low_": 25,
    "5_s-11_0_t_sl_sr_0_WetSunset_mid_": 25,
    "5_s-8_0_t_sl_sr_0_1_ClearSunset_low_": 22,
    "5_s-8_0_t_sl_sr_0_1_CloudyNoon_high_": 22,
    "5_s-8_0_t_sl_sr_0_1_CloudyNoon_mid_": 22,
    "5_s-8_0_t_sl_sr_0_1_CloudySunset_low_": 22,
    "5_s-8_0_t_sl_sr_0_1_CloudySunset_mid_": 22,
    "5_s-8_0_t_sl_sr_0_1_HardRainNoon_low_": 22,
    "5_s-8_0_t_sl_sr_0_1_HardRainNoon_mid_": 23,
    "5_s-8_0_t_sl_sr_0_1_HardRainSunset_low_": 22,
    "5_s-8_0_t_sl_sr_0_1_MidRainSunset_high_": 22,
    "5_s-8_0_t_sl_sr_0_1_MidRainSunset_low_": 22,
    "5_s-8_0_t_sl_sr_0_1_MidRainSunset_mid_": 22,
    "5_s-8_0_t_sl_sr_0_1_MidRainyNoon_high_": 22,
    "5_s-8_0_t_sl_sr_0_1_MidRainyNoon_low_": 23,
    "5_s-8_0_t_sl_sr_0_1_MidRainyNoon_mid_": 22,
    "5_s-8_0_t_sl_sr_0_1_WetNoon_high_": 22,
    "5_s-8_0_t_sl_sr_0_1_WetSunset_high_": 22,
    "5_t2-2_0_c_u_f_0_ClearSunset_high_": 49,
    "5_t2-2_0_c_u_f_0_ClearSunset_low_": 49,
    "5_t2-2_0_c_u_f_0_ClearSunset_mid_": 49,
    "5_t2-2_0_c_u_f_0_CloudyNoon_high_": 49,
    "5_t2-2_0_c_u_f_0_CloudySunset_high_": 49,
    "5_t2-2_0_c_u_f_0_HardRainNoon_high_": 49,
    "5_t2-2_0_c_u_f_0_HardRainNoon_low_": 49,
    "5_t2-2_0_c_u_f_0_HardRainNoon_mid_": 49,
    "5_t2-2_0_c_u_f_0_HardRainSunset_high_": 49,
    "5_t2-2_0_c_u_f_0_HardRainSunset_low_": 49,
    "5_t2-2_0_c_u_f_0_HardRainSunset_mid_": 49,
    "5_t2-2_0_c_u_f_0_MidRainSunset_low_": 49,
    "5_t2-2_0_c_u_f_0_MidRainyNoon_high_": 49,
    "5_t2-2_0_c_u_f_0_MidRainyNoon_low_": 49,
    "5_t2-2_0_c_u_f_0_MidRainyNoon_mid_": 49,
    "5_t2-2_0_c_u_f_0_WetNoon_mid_": 49,
    "5_t2-2_0_c_u_f_0_WetSunset_low_": 49,
    "5_t2-2_0_c_u_f_0_WetSunset_mid_": 49,
    "5_t2-7_0_c_r_f_0_CloudyNoon_high_": 55,
    "5_t2-7_0_c_r_f_0_CloudyNoon_mid_": 51,
    "5_t2-7_0_c_r_f_0_CloudySunset_low_": 52,
    "5_t2-7_0_c_r_f_0_CloudySunset_mid_": 52,
    "5_t2-7_0_c_r_f_0_HardRainNoon_high_": 53,
    "5_t2-7_0_c_r_f_0_HardRainNoon_low_": 55,
    "5_t2-7_0_c_r_f_0_HardRainSunset_high_": 52,
    "5_t2-7_0_c_r_f_0_HardRainSunset_low_": 52,
    "5_t2-7_0_c_r_f_0_MidRainSunset_high_": 55,
    "5_t2-7_0_c_r_f_0_MidRainyNoon_low_": 55,
    "5_t2-7_0_c_r_f_0_MidRainyNoon_mid_": 52,
    "5_t2-7_0_c_r_f_0_WetSunset_high_": 53,
    "5_t2-7_0_c_r_f_0_WetSunset_low_": 53,
    "5_t2-7_0_c_r_f_0_WetSunset_mid_": 52,
    "5_t2-8_1_c_f_u_0_CloudyNoon_high_": 71,
    "5_t2-8_1_c_f_u_0_CloudyNoon_mid_": 71,
    "5_t2-8_1_c_f_u_0_CloudySunset_high_": 71,
    "5_t2-8_1_c_f_u_0_CloudySunset_mid_": 71,
    "5_t2-8_1_c_f_u_0_HardRainNoon_high_": 71,
    "5_t2-8_1_c_f_u_0_HardRainNoon_low_": 71,
    "5_t2-8_1_c_f_u_0_HardRainSunset_high_": 71,
    "5_t2-8_1_c_f_u_0_HardRainSunset_mid_": 71,
    "5_t2-8_1_c_f_u_0_MidRainSunset_high_": 71,
    "5_t2-8_1_c_f_u_0_MidRainSunset_low_": 71,
    "5_t2-8_1_c_f_u_0_MidRainSunset_mid_": 71,
    "5_t2-8_1_c_f_u_0_MidRainyNoon_high_": 71,
    "5_t2-8_1_c_f_u_0_MidRainyNoon_mid_": 71,
    "5_t2-8_1_c_f_u_0_WetNoon_mid_": 71,
    "5_t2-8_1_c_f_u_0_WetSunset_high_": 71,
    "5_t2-8_1_c_f_u_0_WetSunset_low_": 71,
    "5_t2-8_1_c_f_u_0_WetSunset_mid_": 71,
    "5_t2-9_0_b_l_f_0_ClearSunset_high_": 91,
    "5_t2-9_0_b_l_f_0_ClearSunset_low_": 91,
    "5_t2-9_0_b_l_f_0_ClearSunset_mid_": 91,
    "5_t2-9_0_b_l_f_0_CloudyNoon_mid_": 91,
    "5_t2-9_0_b_l_f_0_CloudySunset_mid_": 91,
    "5_t2-9_0_b_l_f_0_HardRainNoon_mid_": 91,
    "5_t2-9_0_b_l_f_0_HardRainSunset_high_": 91,
    "5_t2-9_0_b_l_f_0_HardRainSunset_low_": 91,
    "5_t2-9_0_b_l_f_0_HardRainSunset_mid_": 91,
    "5_t2-9_0_b_l_f_0_MidRainSunset_mid_": 91,
    "5_t2-9_0_b_l_f_0_MidRainyNoon_high_": 91,
    "5_t2-9_0_b_l_f_0_MidRainyNoon_mid_": 91,
    "5_t2-9_0_b_l_f_0_WetNoon_mid_": 91,
    "5_t2-9_0_b_l_f_0_WetSunset_high_": 91,
    "5_t3-2_0_c_u_f_0_CloudyNoon_high_": 60,
    "5_t3-2_0_c_u_f_0_CloudySunset_high_": 60,
    "5_t3-2_0_c_u_f_0_CloudySunset_low_": 60,
    "5_t3-2_0_c_u_f_0_HardRainNoon_high_": 60,
    "5_t3-2_0_c_u_f_0_HardRainNoon_low_": 60,
    "5_t3-2_0_c_u_f_0_HardRainSunset_high_": 60,
    "5_t3-2_0_c_u_f_0_HardRainSunset_mid_": 60,
    "5_t3-2_0_c_u_f_0_MidRainSunset_high_": 60,
    "5_t3-2_0_c_u_f_0_MidRainSunset_low_": 60,
    "5_t3-2_0_c_u_f_0_MidRainSunset_mid_": 60,
    "5_t3-2_0_c_u_f_0_MidRainyNoon_low_": 60,
    "5_t3-2_0_c_u_f_0_MidRainyNoon_mid_": 60,
    "5_t3-2_0_c_u_f_0_WetNoon_mid_": 60,
    "5_t3-2_0_c_u_f_0_WetSunset_high_": 60,
    "5_t3-2_0_c_u_f_0_WetSunset_low_": 60,
    "5_t3-2_0_c_u_f_0_WetSunset_mid_": 60,
    "5_t3-2_0_c_u_l_0_CloudyNoon_high_": 57,
    "5_t3-2_0_c_u_l_0_HardRainNoon_low_": 57,
    "5_t3-2_0_c_u_l_0_HardRainSunset_low_": 57,
    "5_t3-2_0_c_u_l_0_MidRainSunset_high_": 57,
    "5_t3-2_0_c_u_l_0_MidRainSunset_low_": 57,
    "5_t3-2_0_c_u_l_0_MidRainSunset_mid_": 57,
    "5_t3-2_0_c_u_l_0_MidRainyNoon_low_": 57,
    "5_t3-2_0_c_u_l_0_MidRainyNoon_mid_": 57,
    "5_t3-2_0_c_u_l_0_WetNoon_mid_": 57,
    "5_t3-2_0_c_u_l_0_WetSunset_high_": 57,
    "5_t3-2_0_c_u_l_0_WetSunset_low_": 57,
    "5_t3-9_0_m_u_l_0_ClearSunset_low_": 73,
    "5_t3-9_0_m_u_l_0_ClearSunset_mid_": 76,
    "5_t3-9_0_m_u_l_0_CloudyNoon_mid_": 73,
    "5_t3-9_0_m_u_l_0_CloudySunset_high_": 73,
    "5_t3-9_0_m_u_l_0_HardRainNoon_high_": 73,
    "5_t3-9_0_m_u_l_0_HardRainNoon_mid_": 76,
    "5_t3-9_0_m_u_l_0_HardRainSunset_low_": 73,
    "5_t3-9_0_m_u_l_0_HardRainSunset_mid_": 73,
    "5_t3-9_0_m_u_l_0_MidRainSunset_high_": 73,
    "5_t3-9_0_m_u_l_0_MidRainSunset_mid_": 73,
    "5_t3-9_0_m_u_l_0_MidRainyNoon_high_": 73,
    "5_t3-9_0_m_u_l_0_MidRainyNoon_low_": 73,
    "5_t3-9_0_m_u_l_0_MidRainyNoon_mid_": 73,
    "5_t3-9_0_m_u_l_0_WetNoon_high_": 73,
    "5_t3-9_0_m_u_l_0_WetSunset_mid_": 75,
    "6_i-1_1_m_f_r_rl_MidRainyNoon_low_": 75,
    "6_i-1_1_m_f_r_rl_MidRainyNoon_mid_": 74,
    "6_i-1_1_m_f_r_rl_WetSunset_high_": 74,
    "6_i-1_1_m_f_r_rl_WetSunset_low_": 74,
    "6_i-1_1_t_f_f_rl_ClearSunset_high_": 86,
    "6_i-1_1_t_f_f_rl_HardRainSunset_high_": 87,
    "6_i-1_1_t_f_f_rl_HardRainSunset_low_": 87,
    "6_i-1_1_t_f_f_rl_MidRainSunset_high_": 87,
    "6_i-1_1_t_f_f_rl_MidRainSunset_low_": 87,
    "6_i-1_1_t_f_f_rl_MidRainyNoon_low_": 87,
    "6_i-1_1_t_f_f_rl_WetSunset_high_": 88,
    "6_i-1_1_t_f_f_rl_WetSunset_low_": 87,
    "6_i-2_1_m_f_f_rl_ClearSunset_low_": 74,
    "6_i-2_1_m_f_f_rl_CloudyNoon_mid_": 72,
    "6_i-2_1_m_f_f_rl_CloudySunset_high_": 77,
    "6_i-2_1_m_f_f_rl_CloudySunset_low_": 76,
    "6_i-2_1_m_f_f_rl_CloudySunset_mid_": 76,
    "6_i-2_1_m_f_f_rl_HardRainNoon_high_": 76,
    "6_i-2_1_m_f_f_rl_HardRainNoon_low_": 76,
    "6_i-2_1_m_f_f_rl_HardRainNoon_mid_": 76,
    "6_i-2_1_m_f_f_rl_HardRainSunset_high_": 76,
    "6_i-2_1_m_f_f_rl_HardRainSunset_low_": 74,
    "6_i-2_1_m_f_f_rl_HardRainSunset_mid_": 72,
    "6_i-2_1_m_f_f_rl_MidRainSunset_low_": 75,
    "6_i-2_1_m_f_f_rl_MidRainyNoon_high_": 76,
    "6_i-2_1_m_f_f_rl_MidRainyNoon_low_": 76,
    "6_i-2_1_m_f_f_rl_WetNoon_high_": 72,
    "6_i-2_1_m_f_r_rl_ClearSunset_low_": 93,
    "6_i-2_1_m_f_r_rl_CloudySunset_high_": 92,
    "6_i-2_1_m_f_r_rl_HardRainNoon_mid_": 92,
    "6_i-2_1_m_f_r_rl_HardRainSunset_high_": 92,
    "6_i-2_1_m_f_r_rl_HardRainSunset_low_": 91,
    "6_i-2_1_m_f_r_rl_MidRainSunset_high_": 91,
    "6_i-2_1_m_f_r_rl_MidRainSunset_low_": 93,
    "6_i-2_1_m_f_r_rl_MidRainyNoon_high_": 93,
    "6_i-2_1_m_f_r_rl_WetSunset_high_": 91,
    "6_i-2_1_m_f_r_rl_WetSunset_low_": 92,
    "6_i-2_1_m_f_r_rl_WetSunset_mid_": 92,
    "6_s-4_0_t_f_sl_0_ClearSunset_high_": 105,
    "6_s-4_0_t_f_sl_0_ClearSunset_mid_": 106,
    "6_s-4_0_t_f_sl_0_CloudySunset_low_": 105,
    "6_s-4_0_t_f_sl_0_HardRainNoon_high_": 106,
    "6_s-4_0_t_f_sl_0_HardRainNoon_low_": 106,
    "6_s-4_0_t_f_sl_0_HardRainNoon_mid_": 106,
    "6_s-4_0_t_f_sl_0_HardRainSunset_high_": 105,
    "6_s-4_0_t_f_sl_0_HardRainSunset_low_": 105,
    "6_s-4_0_t_f_sl_0_HardRainSunset_mid_": 106,
    "6_s-4_0_t_f_sl_0_MidRainyNoon_high_": 106,
    "6_s-4_0_t_f_sl_0_MidRainyNoon_low_": 105,
    "6_s-4_0_t_f_sl_0_WetNoon_high_": 106,
    "6_s-4_0_t_f_sl_0_WetSunset_high_": 106,
    "6_s-4_0_t_sl_f_0_ClearSunset_low_": 96,
    "6_s-4_0_t_sl_f_0_ClearSunset_mid_": 97,
    "6_s-4_0_t_sl_f_0_CloudyNoon_high_": 96,
    "6_s-4_0_t_sl_f_0_CloudyNoon_mid_": 97,
    "6_s-4_0_t_sl_f_0_CloudySunset_high_": 96,
    "6_s-4_0_t_sl_f_0_CloudySunset_low_": 96,
    "6_s-4_0_t_sl_f_0_HardRainNoon_low_": 96,
    "6_s-4_0_t_sl_f_0_HardRainNoon_mid_": 97,
    "6_s-4_0_t_sl_f_0_HardRainSunset_low_": 96,
    "6_s-4_0_t_sl_f_0_MidRainSunset_high_": 96,
    "6_s-4_0_t_sl_f_0_MidRainSunset_mid_": 96,
    "6_s-4_0_t_sl_f_0_MidRainyNoon_high_": 97,
    "6_s-4_0_t_sl_f_0_MidRainyNoon_mid_": 96,
    "6_s-4_0_t_sl_f_0_WetNoon_high_": 97,
    "6_s-4_0_t_sl_f_0_WetNoon_mid_": 96,
    "6_s-4_0_t_sl_sr_0_CloudySunset_high_": 58,
    "6_s-4_0_t_sl_sr_0_CloudySunset_low_": 58,
    "6_s-4_0_t_sl_sr_0_CloudySunset_mid_": 58,
    "6_s-4_0_t_sl_sr_0_HardRainNoon_low_": 58,
    "6_s-4_0_t_sl_sr_0_HardRainNoon_mid_": 58,
    "6_s-4_0_t_sl_sr_0_HardRainSunset_high_": 58,
    "6_s-4_0_t_sl_sr_0_HardRainSunset_low_": 58,
    "6_s-4_0_t_sl_sr_0_HardRainSunset_mid_": 58,
    "6_s-4_0_t_sl_sr_0_MidRainSunset_high_": 58,
    "6_s-4_0_t_sl_sr_0_MidRainSunset_low_": 58,
    "6_s-4_0_t_sl_sr_0_MidRainSunset_mid_": 58,
    "6_s-4_0_t_sl_sr_0_MidRainyNoon_high_": 58,
    "6_s-4_0_t_sl_sr_0_MidRainyNoon_low_": 58,
    "6_s-4_0_t_sl_sr_0_MidRainyNoon_mid_": 58,
    "6_s-4_0_t_sl_sr_0_WetNoon_high_": 58,
    "6_s-4_0_t_sl_sr_0_WetSunset_low_": 58,
    "6_s-4_0_t_sl_sr_0_WetSunset_mid_": 58,
    "6_s-4_0_t_sr_f_0_ClearSunset_low_": 65,
    "6_s-4_0_t_sr_f_0_CloudyNoon_mid_": 65,
    "6_s-4_0_t_sr_f_0_CloudySunset_low_": 65,
    "6_s-4_0_t_sr_f_0_CloudySunset_mid_": 65,
    "6_s-4_0_t_sr_f_0_HardRainNoon_high_": 65,
    "6_s-4_0_t_sr_f_0_HardRainNoon_low_": 64,
    "6_s-4_0_t_sr_f_0_HardRainNoon_mid_": 65,
    "6_s-4_0_t_sr_f_0_HardRainSunset_high_": 65,
    "6_s-4_0_t_sr_f_0_HardRainSunset_low_": 64,
    "6_s-4_0_t_sr_f_0_MidRainSunset_high_": 64,
    "6_s-4_0_t_sr_f_0_MidRainSunset_low_": 64,
    "6_s-4_0_t_sr_f_0_MidRainSunset_mid_": 65,
    "6_s-4_0_t_sr_f_0_MidRainyNoon_mid_": 65,
    "6_s-4_0_t_sr_f_0_WetNoon_high_": 64,
    "6_s-4_0_t_sr_f_0_WetSunset_high_": 65,
    "6_s-4_0_t_sr_f_0_WetSunset_mid_": 64,
    "6_s-4_0_t_sr_sl_0_ClearSunset_low_": 66,
    "6_s-4_0_t_sr_sl_0_ClearSunset_mid_": 66,
    "6_s-4_0_t_sr_sl_0_CloudyNoon_high_": 66,
    "6_s-4_0_t_sr_sl_0_CloudyNoon_mid_": 66,
    "6_s-4_0_t_sr_sl_0_HardRainNoon_low_": 66,
    "6_s-4_0_t_sr_sl_0_HardRainSunset_high_": 66,
    "6_s-4_0_t_sr_sl_0_HardRainSunset_low_": 66,
    "6_s-4_0_t_sr_sl_0_HardRainSunset_mid_": 66,
    "6_s-4_0_t_sr_sl_0_MidRainSunset_high_": 66,
    "6_s-4_0_t_sr_sl_0_MidRainSunset_low_": 66,
    "6_s-4_0_t_sr_sl_0_MidRainyNoon_high_": 66,
    "6_s-4_0_t_sr_sl_0_MidRainyNoon_low_": 66,
    "6_s-4_0_t_sr_sl_0_MidRainyNoon_mid_": 66,
    "6_s-4_0_t_sr_sl_0_WetNoon_mid_": 66,
    "6_s-4_0_t_sr_sl_0_WetSunset_high_": 66,
    "6_s-8_0_c_f_sl_0_ClearSunset_high_": 92,
    "6_s-8_0_c_f_sl_0_ClearSunset_mid_": 92,
    "6_s-8_0_c_f_sl_0_CloudySunset_high_": 92,
    "6_s-8_0_c_f_sl_0_CloudySunset_low_": 92,
    "6_s-8_0_c_f_sl_0_HardRainNoon_high_": 92,
    "6_s-8_0_c_f_sl_0_HardRainNoon_mid_": 92,
    "6_s-8_0_c_f_sl_0_HardRainSunset_high_": 92,
    "6_s-8_0_c_f_sl_0_HardRainSunset_mid_": 92,
    "6_s-8_0_c_f_sl_0_MidRainSunset_low_": 92,
    "6_s-8_0_c_f_sl_0_MidRainSunset_mid_": 92,
    "6_s-8_0_c_f_sl_0_MidRainyNoon_low_": 92,
    "6_s-8_0_c_f_sl_0_MidRainyNoon_mid_": 92,
    "6_s-8_0_c_f_sl_0_WetNoon_high_": 93,
    "6_s-8_0_c_f_sl_0_WetNoon_mid_": 92,
    "6_s-8_0_c_f_sl_0_WetSunset_low_": 92,
    "6_s-8_0_c_sl_f_0_ClearSunset_high_": 97,
    "6_s-8_0_c_sl_f_0_ClearSunset_mid_": 96,
    "6_s-8_0_c_sl_f_0_CloudyNoon_high_": 96,
    "6_s-8_0_c_sl_f_0_HardRainNoon_high_": 97,
    "6_s-8_0_c_sl_f_0_HardRainNoon_low_": 96,
    "6_s-8_0_c_sl_f_0_HardRainNoon_mid_": 96,
    "6_s-8_0_c_sl_f_0_MidRainSunset_high_": 97,
    "6_s-8_0_c_sl_f_0_MidRainSunset_low_": 96,
    "6_s-8_0_c_sl_f_0_MidRainSunset_mid_": 96,
    "6_s-8_0_c_sl_f_0_MidRainyNoon_high_": 97,
    "6_s-8_0_c_sl_f_0_MidRainyNoon_mid_": 96,
    "6_s-8_0_c_sl_f_0_WetNoon_high_": 96,
    "6_s-8_0_c_sl_f_0_WetNoon_mid_": 96,
    "6_s-8_0_c_sl_f_0_WetSunset_low_": 97,
    "6_s-8_0_c_sr_f_0_CloudyNoon_high_": 96,
    "6_s-8_0_c_sr_f_0_CloudyNoon_mid_": 96,
    "6_s-8_0_c_sr_f_0_CloudySunset_low_": 96,
    "6_s-8_0_c_sr_f_0_HardRainNoon_high_": 96,
    "6_s-8_0_c_sr_f_0_HardRainSunset_low_": 96,
    "6_s-8_0_c_sr_f_0_HardRainSunset_mid_": 96,
    "6_s-8_0_c_sr_f_0_MidRainSunset_high_": 96,
    "6_s-8_0_c_sr_f_0_MidRainyNoon_high_": 97,
    "6_s-8_0_c_sr_f_0_MidRainyNoon_low_": 96,
    "6_s-8_0_c_sr_f_0_MidRainyNoon_mid_": 96,
    "6_s-8_0_c_sr_f_0_WetNoon_mid_": 96,
    "6_s-8_0_c_sr_f_0_WetSunset_high_": 96,
    "6_s-8_0_c_sr_f_0_WetSunset_low_": 96,
    "6_s-8_0_c_sr_f_0_WetSunset_mid_": 97,
    "6_s-8_0_c_sr_sl_0_ClearSunset_low_": 100,
    "6_s-8_0_c_sr_sl_0_CloudyNoon_high_": 102,
    "6_s-8_0_c_sr_sl_0_HardRainNoon_low_": 100,
    "6_s-8_0_c_sr_sl_0_HardRainNoon_mid_": 100,
    "6_s-8_0_c_sr_sl_0_HardRainSunset_low_": 100,
    "6_s-8_0_c_sr_sl_0_HardRainSunset_mid_": 100,
    "6_s-8_0_c_sr_sl_0_WetNoon_mid_": 100,
    "6_s-8_0_c_sr_sl_0_WetSunset_mid_": 100,
    "6_t1-3_1_p_j_l_j_CloudyNoon_high_": 90,
    "6_t1-3_1_p_j_l_j_CloudySunset_low_": 90,
    "6_t1-3_1_p_j_l_j_CloudySunset_mid_": 90,
    "6_t1-3_1_p_j_l_j_HardRainNoon_high_": 90,
    "6_t1-3_1_p_j_l_j_HardRainNoon_low_": 90,
    "6_t1-3_1_p_j_l_j_HardRainNoon_mid_": 90,
    "6_t1-3_1_p_j_l_j_HardRainSunset_high_": 90,
    "6_t1-3_1_p_j_l_j_HardRainSunset_mid_": 90,
    "6_t1-3_1_p_j_l_j_MidRainSunset_low_": 90,
    "6_t1-3_1_p_j_l_j_MidRainSunset_mid_": 90,
    "6_t1-3_1_p_j_l_j_WetNoon_mid_": 90,
    "6_t1-3_1_p_j_l_j_WetSunset_high_": 90,
    "6_t1-3_1_p_j_l_j_WetSunset_low_": 90,
    "7_i-1_1_c_l_r_0_ClearSunset_high_": 72,
    "7_i-1_1_c_l_r_0_ClearSunset_low_": 72,
    "7_i-1_1_c_l_r_0_ClearSunset_mid_": 70,
    "7_i-1_1_c_l_r_0_CloudySunset_high_": 61,
    "7_i-1_1_c_l_r_0_HardRainNoon_high_": 67,
    "7_i-1_1_c_l_r_0_HardRainNoon_low_": 74,
    "7_i-1_1_c_l_r_0_HardRainSunset_high_": 67,
    "7_i-1_1_c_l_r_0_MidRainSunset_low_": 74,
    "7_i-1_1_c_l_r_0_MidRainSunset_mid_": 67,
    "7_i-1_1_c_l_r_0_MidRainyNoon_high_": 74,
    "7_i-1_1_c_l_r_0_MidRainyNoon_mid_": 73,
    "7_i-1_1_c_l_r_0_WetNoon_high_": 67,
    "7_i-1_1_c_l_r_0_WetSunset_low_": 73,
    "7_i-1_1_c_l_r_0_WetSunset_mid_": 71,
    "7_i-2_1_m_f_f_rl_CloudySunset_low_": 65,
    "7_i-2_1_m_f_f_rl_CloudySunset_mid_": 78,
    "7_i-2_1_m_f_f_rl_HardRainSunset_mid_": 70,
    "7_i-2_1_m_f_f_rl_MidRainSunset_high_": 72,
    "7_i-2_1_m_f_f_rl_MidRainSunset_low_": 67,
    "7_i-2_1_m_f_f_rl_MidRainSunset_mid_": 69,
    "7_i-2_1_m_f_f_rl_MidRainyNoon_low_": 69,
    "7_i-2_1_m_f_f_rl_WetNoon_low_": 69,
    "7_i-2_1_m_f_f_rl_WetSunset_low_": 73,
    "7_i-2_1_t_f_f_rl_ClearSunset_mid_": 56,
    "7_i-2_1_t_f_f_rl_CloudySunset_low_": 57,
    "7_i-2_1_t_f_f_rl_HardRainNoon_high_": 56,
    "7_i-2_1_t_f_f_rl_HardRainNoon_low_": 56,
    "7_i-2_1_t_f_f_rl_HardRainSunset_low_": 56,
    "7_i-2_1_t_f_f_rl_MidRainSunset_high_": 57,
    "7_i-2_1_t_f_f_rl_MidRainSunset_low_": 56,
    "7_i-2_1_t_f_f_rl_MidRainSunset_mid_": 57,
    "7_i-2_1_t_f_f_rl_MidRainyNoon_high_": 56,
    "7_i-2_1_t_f_f_rl_MidRainyNoon_low_": 56,
    "7_i-2_1_t_f_f_rl_MidRainyNoon_mid_": 56,
    "7_i-2_1_t_f_f_rl_WetSunset_high_": 57,
    "7_i-2_1_t_f_f_rl_WetSunset_low_": 55,
    "7_i-3_0_p_c_l_0_ClearSunset_high_": 55,
    "7_i-3_0_p_c_l_0_ClearSunset_mid_": 54,
    "7_i-3_0_p_c_l_0_CloudyNoon_mid_": 54,
    "7_i-3_0_p_c_l_0_CloudySunset_low_": 56,
    "7_i-3_0_p_c_l_0_CloudySunset_mid_": 55,
    "7_i-3_0_p_c_l_0_HardRainNoon_low_": 55,
    "7_i-3_0_p_c_l_0_HardRainNoon_mid_": 55,
    "7_i-3_0_p_c_l_0_HardRainSunset_high_": 55,
    "7_i-3_0_p_c_l_0_MidRainSunset_high_": 54,
    "7_i-3_0_p_c_l_0_MidRainSunset_low_": 55,
    "7_i-3_0_p_c_l_0_MidRainSunset_mid_": 53,
    "7_i-3_0_p_c_l_0_MidRainyNoon_high_": 59,
    "7_i-3_0_p_c_l_0_MidRainyNoon_low_": 54,
    "7_i-3_0_p_c_l_0_MidRainyNoon_mid_": 56,
    "7_i-3_0_p_c_l_0_WetNoon_mid_": 55,
    "7_i-3_0_p_c_l_0_WetSunset_high_": 54,
    "7_i-3_0_p_c_l_0_WetSunset_low_": 55,
    "7_r-1_0_t_u_r_0_ClearSunset_high_": 84,
    "7_r-1_0_t_u_r_0_ClearSunset_low_": 84,
    "7_r-1_0_t_u_r_0_ClearSunset_mid_": 84,
    "7_r-1_0_t_u_r_0_CloudyNoon_high_": 84,
    "7_r-1_0_t_u_r_0_CloudyNoon_mid_": 84,
    "7_r-1_0_t_u_r_0_CloudySunset_mid_": 84,
    "7_r-1_0_t_u_r_0_HardRainNoon_low_": 84,
    "7_r-1_0_t_u_r_0_HardRainNoon_mid_": 84,
    "7_r-1_0_t_u_r_0_HardRainSunset_low_": 84,
    "7_r-1_0_t_u_r_0_HardRainSunset_mid_": 84,
    "7_r-1_0_t_u_r_0_MidRainSunset_high_": 84,
    "7_r-1_0_t_u_r_0_MidRainyNoon_high_": 84,
    "7_r-1_0_t_u_r_0_MidRainyNoon_low_": 84,
    "7_r-1_0_t_u_r_0_MidRainyNoon_mid_": 84,
    "7_r-1_0_t_u_r_0_WetSunset_high_": 84,
    "7_r-1_0_t_u_r_0_WetSunset_low_": 84,
    "7_s-1_0_b_l_f_0_ClearSunset_mid_": 64,
    "7_s-1_0_b_l_f_0_CloudyNoon_high_": 64,
    "7_s-1_0_b_l_f_0_CloudyNoon_mid_": 63,
    "7_s-1_0_b_l_f_0_CloudySunset_high_": 60,
    "7_s-1_0_b_l_f_0_HardRainNoon_mid_": 63,
    "7_s-1_0_b_l_f_0_HardRainSunset_low_": 65,
    "7_s-1_0_b_l_f_0_MidRainSunset_high_": 62,
    "7_s-1_0_b_l_f_0_MidRainyNoon_high_": 64,
    "7_s-1_0_b_l_f_0_MidRainyNoon_low_": 62,
    "7_s-1_0_b_l_f_0_MidRainyNoon_mid_": 60,
    "7_s-1_0_b_l_f_0_WetSunset_high_": 61,
    "7_s-1_0_b_l_f_0_WetSunset_low_": 62,
    "7_s-1_0_b_l_f_0_WetSunset_mid_": 63,
    "7_s-1_0_b_r_f_0_ClearSunset_low_": 72,
    "7_s-1_0_b_r_f_0_CloudyNoon_high_": 71,
    "7_s-1_0_b_r_f_0_CloudyNoon_mid_": 74,
    "7_s-1_0_b_r_f_0_CloudySunset_low_": 74,
    "7_s-1_0_b_r_f_0_CloudySunset_mid_": 72,
    "7_s-1_0_b_r_f_0_HardRainNoon_high_": 74,
    "7_s-1_0_b_r_f_0_HardRainNoon_mid_": 72,
    "7_s-1_0_b_r_f_0_HardRainSunset_high_": 72,
    "7_s-1_0_b_r_f_0_HardRainSunset_low_": 73,
    "7_s-1_0_b_r_f_0_HardRainSunset_mid_": 75,
    "7_s-1_0_b_r_f_0_MidRainSunset_high_": 74,
    "7_s-1_0_b_r_f_0_MidRainSunset_low_": 73,
    "7_s-1_0_b_r_f_0_MidRainyNoon_low_": 74,
    "7_s-1_0_b_r_f_0_5_ClearNoon_mid_": 73,
    "7_s-1_0_b_r_f_0_5_CloudyNoon_mid_": 77,
    "7_s-1_0_b_r_f_0_5_HardRainNoon_high_": 72,
    "7_s-1_0_b_r_f_0_5_HardRainNoon_low_": 73,
    "7_s-1_0_b_r_f_0_5_HardRainSunset_high_": 72,
    "7_s-1_0_b_r_f_0_5_HardRainSunset_low_": 75,
    "7_s-1_0_b_r_f_0_5_MidRainSunset_mid_": 74,
    "7_s-1_0_b_r_f_0_5_WetNoon_high_": 76,
    "7_s-4_0_t_l_f_0_1_ClearSunset_low_": 72,
    "7_s-4_0_t_l_f_0_1_HardRainNoon_low_": 72,
    "7_s-4_0_t_l_f_0_1_HardRainSunset_low_": 72,
    "7_s-4_0_t_l_f_0_1_MidRainyNoon_low_": 72,
    "7_s-4_0_t_l_f_0_1_MidRainyNoon_mid_": 72,
    "7_s-4_0_t_l_f_0_1_WetSunset_low_": 72,
    "7_s-4_0_t_l_f_0_1_WetSunset_mid_": 72,
    "7_t1-2_1_m_f_r_0_ClearSunset_high_": 79,
    "7_t1-2_1_m_f_r_0_CloudyNoon_mid_": 83,
    "7_t1-2_1_m_f_r_0_CloudySunset_low_": 78,
    "7_t1-2_1_m_f_r_0_CloudySunset_mid_": 66,
    "7_t1-2_1_m_f_r_0_HardRainNoon_low_": 66,
    "7_t1-2_1_m_f_r_0_HardRainNoon_mid_": 72,
    "7_t1-2_1_m_f_r_0_HardRainSunset_high_": 66,
    "7_t1-2_1_m_f_r_0_HardRainSunset_low_": 80,
    "7_t1-2_1_m_f_r_0_HardRainSunset_mid_": 65,
    "7_t1-2_1_m_f_r_0_MidRainSunset_high_": 78,
    "7_t1-2_1_m_f_r_0_MidRainSunset_mid_": 65,
    "7_t1-2_1_m_f_r_0_MidRainyNoon_high_": 66,
    "7_t1-2_1_m_f_r_0_MidRainyNoon_low_": 66,
    "7_t1-2_1_m_f_r_0_MidRainyNoon_mid_": 89,
    "7_t1-2_1_m_f_r_0_WetNoon_high_": 66,
    "7_t1-2_1_m_f_r_0_WetNoon_mid_": 70,
    "7_t1-2_1_m_f_r_0_WetSunset_high_": 76,
    "7_t1-2_1_m_l_r_0_ClearSunset_high_": 50,
    "7_t1-2_1_m_l_r_0_ClearSunset_low_": 49,
    "7_t1-2_1_m_l_r_0_ClearSunset_mid_": 51,
    "7_t1-2_1_m_l_r_0_HardRainNoon_high_": 47,
    "7_t1-2_1_m_l_r_0_HardRainNoon_low_": 48,
    "7_t1-2_1_m_l_r_0_HardRainNoon_mid_": 66,
    "7_t1-2_1_m_l_r_0_HardRainSunset_mid_": 51,
    "7_t1-2_1_m_l_r_0_MidRainyNoon_high_": 53,
    "7_t1-2_1_m_l_r_0_MidRainyNoon_low_": 66,
    "7_t1-2_1_m_l_r_0_MidRainyNoon_mid_": 49,
    "7_t1-2_1_m_l_r_0_WetNoon_high_": 47,
    "7_t1-2_1_m_l_r_0_WetSunset_high_": 49,
    "7_t1-2_1_m_l_r_0_WetSunset_low_": 48,
    "7_t1-3_0_p_j_r_j_ClearSunset_low_": 92,
    "7_t1-3_0_p_j_r_j_CloudyNoon_mid_": 92,
    "7_t1-3_0_p_j_r_j_CloudySunset_low_": 88,
    "7_t1-3_0_p_j_r_j_CloudySunset_mid_": 89,
    "7_t1-3_0_p_j_r_j_HardRainNoon_low_": 90,
    "7_t1-3_0_p_j_r_j_HardRainNoon_mid_": 92,
    "7_t1-3_0_p_j_r_j_HardRainSunset_low_": 89,
    "7_t1-3_0_p_j_r_j_HardRainSunset_mid_": 90,
    "7_t1-3_0_p_j_r_j_MidRainSunset_low_": 89,
    "7_t1-3_0_p_j_r_j_MidRainSunset_mid_": 90,
    "7_t1-3_0_p_j_r_j_MidRainyNoon_low_": 91,
    "7_t1-3_0_p_j_r_j_MidRainyNoon_mid_": 86,
    "7_t1-5_0_m_f_r_0_ClearSunset_low_": 72,
    "7_t1-5_0_m_f_r_0_HardRainSunset_low_": 72,
    "7_t1-5_0_m_f_r_0_HardRainSunset_mid_": 71,
    "7_t1-5_0_m_f_r_0_MidRainSunset_high_": 74,
    "7_t1-5_0_m_f_r_0_MidRainSunset_low_": 71,
    "7_t1-5_0_m_f_r_0_MidRainSunset_mid_": 70,
    "7_t1-5_0_m_f_r_0_MidRainyNoon_high_": 71,
    "7_t1-5_0_m_f_r_0_MidRainyNoon_low_": 70,
    "7_t1-5_0_m_f_r_0_MidRainyNoon_mid_": 71,
    "7_t1-5_0_m_f_r_0_WetSunset_high_": 71,
    "7_t1-5_0_m_f_r_0_WetSunset_low_": 71,
    "7_t1-5_0_m_f_r_0_WetSunset_mid_": 91,
    "7_t1-5_0_m_l_f_s_ClearSunset_low_": 73,
    "7_t1-5_0_m_l_f_s_ClearSunset_mid_": 73,
    "7_t1-5_0_m_l_f_s_CloudyNoon_high_": 75,
    "7_t1-5_0_m_l_f_s_CloudyNoon_mid_": 72,
    "7_t1-5_0_m_l_f_s_CloudySunset_high_": 76,
    "7_t1-5_0_m_l_f_s_HardRainNoon_high_": 74,
    "7_t1-5_0_m_l_f_s_HardRainNoon_low_": 75,
    "7_t1-5_0_m_l_f_s_HardRainNoon_mid_": 78,
    "7_t1-5_0_m_l_f_s_HardRainSunset_high_": 75,
    "7_t1-5_0_m_l_f_s_HardRainSunset_low_": 75,
    "7_t1-5_0_m_l_f_s_HardRainSunset_mid_": 73,
    "7_t1-5_0_m_l_f_s_MidRainSunset_high_": 74,
    "7_t1-5_0_m_l_f_s_MidRainSunset_low_": 73,
    "7_t1-5_0_m_l_f_s_MidRainyNoon_low_": 76,
    "7_t1-5_0_m_l_f_s_MidRainyNoon_mid_": 76,
    "7_t1-5_0_m_l_f_s_WetNoon_high_": 72,
    "7_t1-5_0_m_l_f_s_WetSunset_high_": 75,
    "7_t1-5_0_m_l_f_s_WetSunset_low_": 75,
    "7_t1-5_0_m_l_f_s_WetSunset_mid_": 75,
    "7_t2-1_0_t_l_r_0_CloudyNoon_mid_": 67,
    "7_t2-1_0_t_l_r_0_CloudySunset_high_": 66,
    "7_t2-1_0_t_l_r_0_HardRainNoon_high_": 66,
    "7_t2-1_0_t_l_r_0_HardRainNoon_low_": 65,
    "7_t2-1_0_t_l_r_0_HardRainNoon_mid_": 65,
    "7_t2-1_0_t_l_r_0_HardRainSunset_high_": 67,
    "7_t2-1_0_t_l_r_0_HardRainSunset_low_": 66,
    "7_t2-1_0_t_l_r_0_MidRainSunset_high_": 66,
    "7_t2-1_0_t_l_r_0_MidRainSunset_low_": 66,
    "7_t2-1_0_t_l_r_0_MidRainSunset_mid_": 65,
    "7_t2-1_0_t_l_r_0_MidRainyNoon_mid_": 67,
    "7_t2-1_0_t_l_r_0_WetNoon_high_": 65,
    "7_t2-1_0_t_l_r_0_WetNoon_low_": 66,
    "7_t2-1_0_t_l_r_0_WetNoon_mid_": 66,
    "7_t2-1_0_t_l_r_0_WetSunset_high_": 66,
    "7_t2-1_0_t_l_r_0_WetSunset_low_": 67,
    "7_t2-1_0_t_l_r_0_WetSunset_mid_": 65,
    "7_t2-1_0_t_r_f_0_ClearSunset_mid_": 78,
    "7_t2-1_0_t_r_f_0_CloudySunset_high_": 78,
    "7_t2-1_0_t_r_f_0_CloudySunset_low_": 78,
    "7_t2-1_0_t_r_f_0_HardRainNoon_high_": 78,
    "7_t2-1_0_t_r_f_0_HardRainNoon_low_": 78,
    "7_t2-1_0_t_r_f_0_HardRainSunset_high_": 78,
    "7_t2-1_0_t_r_f_0_HardRainSunset_low_": 79,
    "7_t2-1_0_t_r_f_0_HardRainSunset_mid_": 78,
    "7_t2-1_0_t_r_f_0_MidRainSunset_high_": 78,
    "7_t2-1_0_t_r_f_0_MidRainSunset_low_": 78,
    "7_t2-1_0_t_r_f_0_MidRainSunset_mid_": 78,
    "7_t2-1_0_t_r_f_0_WetSunset_low_": 78,
    "7_t2-3_0_p_c_r_0_ClearSunset_low_": 53,
    "7_t2-3_0_p_c_r_0_ClearSunset_mid_": 54,
    "7_t2-3_0_p_c_r_0_CloudyNoon_high_": 53,
    "7_t2-3_0_p_c_r_0_CloudyNoon_mid_": 54,
    "7_t2-3_0_p_c_r_0_HardRainNoon_low_": 54,
    "7_t2-3_0_p_c_r_0_HardRainNoon_mid_": 54,
    "7_t2-3_0_p_c_r_0_HardRainSunset_low_": 51,
    "7_t2-3_0_p_c_r_0_HardRainSunset_mid_": 54,
    "7_t2-3_0_p_c_r_0_MidRainSunset_low_": 51,
    "7_t2-3_0_p_c_r_0_MidRainSunset_mid_": 54,
    "7_t2-3_0_p_c_r_0_MidRainyNoon_high_": 53,
    "7_t2-3_0_p_c_r_0_WetNoon_mid_": 54,
    "7_t2-5_0_b_r_f_0_ClearSunset_high_": 54,
    "7_t2-5_0_b_r_f_0_ClearSunset_low_": 54,
    "7_t2-5_0_b_r_f_0_CloudyNoon_high_": 54,
    "7_t2-5_0_b_r_f_0_CloudySunset_mid_": 55,
    "7_t2-5_0_b_r_f_0_HardRainNoon_mid_": 53,
    "7_t2-5_0_b_r_f_0_HardRainSunset_low_": 54,
    "7_t2-5_0_b_r_f_0_HardRainSunset_mid_": 53,
    "7_t2-5_0_b_r_f_0_MidRainSunset_low_": 53,
    "7_t2-5_0_b_r_f_0_MidRainSunset_mid_": 54,
    "7_t2-5_0_b_r_f_0_MidRainyNoon_high_": 53,
    "7_t2-5_0_b_r_f_0_MidRainyNoon_low_": 53,
    "7_t2-5_0_b_r_f_0_MidRainyNoon_mid_": 53,
    "7_t2-5_0_b_r_f_0_WetNoon_high_": 54,
    "7_t2-5_0_b_r_f_0_WetNoon_mid_": 54,
    "7_t2-5_0_b_r_f_0_WetSunset_high_": 54,
    "7_t2-5_0_b_r_f_0_WetSunset_low_": 54,
    "7_t2-5_0_b_r_f_0_WetSunset_mid_": 53,
    "7_t2-5_0_b_r_f_0_5_ClearNoon_high_": 54,
    "7_t2-5_0_b_r_f_0_5_ClearNoon_mid_": 54,
    "7_t3-1_0_t_r_l_0_CloudyNoon_high_": 61,
    "7_t3-1_0_t_r_l_0_CloudyNoon_mid_": 61,
    "7_t3-1_0_t_r_l_0_CloudySunset_high_": 61,
    "7_t3-1_0_t_r_l_0_CloudySunset_low_": 61,
    "7_t3-1_0_t_r_l_0_HardRainNoon_high_": 61,
    "7_t3-1_0_t_r_l_0_HardRainNoon_mid_": 61,
    "7_t3-1_0_t_r_l_0_HardRainSunset_high_": 61,
    "7_t3-1_0_t_r_l_0_HardRainSunset_low_": 61,
    "7_t3-1_0_t_r_l_0_HardRainSunset_mid_": 61,
    "7_t3-1_0_t_r_l_0_MidRainSunset_high_": 61,
    "7_t3-1_0_t_r_l_0_MidRainSunset_mid_": 61,
    "7_t3-1_0_t_r_l_0_MidRainyNoon_high_": 61,
    "7_t3-1_0_t_r_l_0_MidRainyNoon_low_": 61,
    "7_t3-1_0_t_r_l_0_WetNoon_high_": 61,
    "7_t3-1_0_t_r_l_0_WetSunset_high_": 61,
    "7_t3-1_0_t_r_l_0_WetSunset_low_": 61,
    "7_t3-3_0_p_j_f_j_ClearSunset_mid_": 58,
    "7_t3-3_0_p_j_f_j_CloudyNoon_mid_": 56,
    "7_t3-3_0_p_j_f_j_CloudySunset_high_": 57,
    "7_t3-3_0_p_j_f_j_CloudySunset_low_": 56,
    "7_t3-3_0_p_j_f_j_HardRainNoon_low_": 56,
    "7_t3-3_0_p_j_f_j_HardRainSunset_mid_": 55,
    "7_t3-3_0_p_j_f_j_MidRainyNoon_mid_": 54,
    "7_t3-3_0_p_j_f_j_WetSunset_high_": 59,
    "A1_r-1_0_b_er_er_1_0_ClearSunset_low_": 70,
    "A1_r-1_0_b_er_er_1_0_CloudySunset_high_": 78,
    "A1_r-1_0_b_er_er_1_0_HardRainNoon_low_": 62,
    "A1_r-1_0_b_er_er_1_0_HardRainNoon_mid_": 74,
    "A1_r-1_0_b_er_er_1_0_HardRainSunset_high_": 79,
    "A1_r-1_0_b_er_er_1_0_MidRainSunset_low_": 63,
    "A1_r-1_0_b_er_er_1_0_MidRainyNoon_high_": 62,
    "A1_r-1_0_b_er_er_1_0_MidRainyNoon_low_": 62,
    "A1_r-1_0_b_er_er_1_0_WetNoon_high_": 62,
    "A1_r-1_0_b_er_er_1_0_WetSunset_high_": 62,
    "A1_r-1_0_b_er_er_1_0_WetSunset_mid_": 69,
    "A1_r-1_0_b_er_er_1_0_5_ClearNoon_high_": 71,
    "A1_r-1_0_b_er_er_1_0_5_ClearNoon_low_": 69,
    "A1_r-1_0_b_er_er_1_0_5_ClearNoon_mid_": 70,
    "A1_r-1_0_b_er_er_1_0_5_ClearSunset_low_": 71,
    "A1_r-1_0_b_er_er_1_0_5_CloudyNoon_high_": 79,
    "A1_r-1_0_b_er_er_1_0_5_CloudySunset_mid_": 61,
    "A1_r-1_0_b_er_er_1_0_5_HardRainNoon_low_": 64,
    "A1_r-1_0_b_er_er_1_0_5_HardRainSunset_low_": 72,
    "A1_r-1_0_b_er_er_1_0_5_HardRainSunset_mid_": 62,
    "A1_r-1_0_b_er_er_1_0_5_MidRainyNoon_high_": 75,
    "A1_r-1_0_b_er_er_1_0_5_WetSunset_high_": 63,
    "A1_r-1_0_c_er_gr_0_ClearSunset_mid_": 20,
    "A1_r-1_0_c_er_gr_0_CloudySunset_low_": 20,
    "A1_r-1_0_c_er_gr_0_CloudySunset_mid_": 21,
    "A1_r-1_0_c_er_gr_0_HardRainNoon_low_": 20,
    "A1_r-1_0_c_er_gr_0_HardRainSunset_high_": 21,
    "A1_r-1_0_c_er_gr_0_HardRainSunset_low_": 21,
    "A1_r-1_0_c_er_gr_0_HardRainSunset_mid_": 20,
    "A1_r-1_0_c_er_gr_0_MidRainSunset_high_": 20,
    "A1_r-1_0_c_er_gr_0_MidRainyNoon_high_": 20,
    "A1_r-1_0_c_er_gr_0_MidRainyNoon_mid_": 20,
    "A1_r-1_0_c_er_gr_0_WetNoon_high_": 20,
    "A1_r-1_0_c_er_gr_0_WetSunset_high_": 21,
    "A1_r-1_0_c_er_gr_0_WetSunset_low_": 21,
    "A1_r-1_0_c_er_gr_0_1_CloudyNoon_mid_": 31,
    "A1_r-1_0_c_er_gr_0_1_CloudySunset_low_": 31,
    "A1_r-1_0_c_er_gr_0_1_CloudySunset_mid_": 31,
    "A1_r-1_0_c_er_gr_0_1_HardRainNoon_high_": 31,
    "A1_r-1_0_c_er_gr_0_1_HardRainNoon_low_": 31,
    "A1_r-1_0_c_er_gr_0_1_HardRainSunset_low_": 31,
    "A1_r-1_0_c_er_gr_0_1_HardRainSunset_mid_": 31,
    "A1_r-1_0_c_er_gr_0_1_MidRainSunset_high_": 31,
    "A1_r-1_0_c_er_gr_0_1_MidRainSunset_mid_": 31,
    "A1_r-1_0_c_er_gr_0_1_MidRainyNoon_low_": 31,
    "A1_r-1_0_c_er_gr_0_1_MidRainyNoon_mid_": 31,
    "A1_r-1_0_c_er_gr_0_1_WetSunset_high_": 31,
    "A1_r-1_0_c_er_gr_0_1_WetSunset_low_": 31,
    "A1_r-1_0_c_er_gr_0_2_ClearSunset_mid_": 29,
    "A1_r-1_0_c_er_gr_0_2_CloudyNoon_high_": 31,
    "A1_r-1_0_c_er_gr_0_2_CloudyNoon_low_": 29,
    "A1_r-1_0_c_er_gr_0_2_CloudyNoon_mid_": 30,
    "A1_r-1_0_c_er_gr_0_2_CloudySunset_high_": 30,
    "A1_r-1_0_c_er_gr_0_2_HardRainNoon_low_": 29,
    "A1_r-1_0_c_er_gr_0_2_HardRainSunset_mid_": 36,
    "A1_r-1_0_c_er_gr_0_2_MidRainSunset_high_": 30,
    "A1_r-1_0_c_er_gr_0_2_MidRainyNoon_high_": 30,
    "A1_r-1_0_c_er_gr_0_2_WetSunset_low_": 30,
    "A1_r-1_0_c_er_gr_0_2_WetSunset_mid_": 35,
    "A1_r-1_0_c_er_gr_0_3_ClearSunset_mid_": 39,
    "A1_r-1_0_c_er_gr_0_3_CloudyNoon_high_": 39,
    "A1_r-1_0_c_er_gr_0_3_CloudySunset_high_": 39,
    "A1_r-1_0_c_er_gr_0_3_CloudySunset_low_": 39,
    "A1_r-1_0_c_er_gr_0_3_HardRainNoon_high_": 39,
    "A1_r-1_0_c_er_gr_0_3_HardRainNoon_low_": 39,
    "A1_r-1_0_c_er_gr_0_3_HardRainNoon_mid_": 39,
    "A1_r-1_0_c_er_gr_0_3_HardRainSunset_high_": 39,
    "A1_r-1_0_c_er_gr_0_3_HardRainSunset_low_": 39,
    "A1_r-1_0_c_er_gr_0_3_HardRainSunset_mid_": 39,
    "A1_r-1_0_c_er_gr_0_3_MidRainSunset_high_": 39,
    "A1_r-1_0_c_er_gr_0_3_MidRainSunset_low_": 39,
    "A1_r-1_0_c_er_gr_0_3_MidRainyNoon_high_": 39,
    "A1_r-1_0_c_er_gr_0_3_WetNoon_mid_": 39,
    "A1_r-1_0_c_er_gr_0_3_WetSunset_high_": 39,
    "A1_r-1_0_c_er_gr_0_3_WetSunset_low_": 39,
    "A1_r-1_0_c_er_gr_0_3_WetSunset_mid_": 39,
    "A1_r-1_0_c_er_gr_0_4_ClearSunset_high_": 25,
    "A1_r-1_0_c_er_gr_0_4_ClearSunset_mid_": 24,
    "A1_r-1_0_c_er_gr_0_4_CloudyNoon_high_": 25,
    "A1_r-1_0_c_er_gr_0_4_CloudySunset_high_": 25,
    "A1_r-1_0_c_er_gr_0_4_CloudySunset_low_": 25,
    "A1_r-1_0_c_er_gr_0_4_HardRainNoon_high_": 24,
    "A1_r-1_0_c_er_gr_0_4_HardRainNoon_low_": 25,
    "A1_r-1_0_c_er_gr_0_4_HardRainNoon_mid_": 24,
    "A1_r-1_0_c_er_gr_0_4_HardRainSunset_low_": 25,
    "A1_r-1_0_c_er_gr_0_4_HardRainSunset_mid_": 25,
    "A1_r-1_0_c_er_gr_0_4_MidRainSunset_high_": 25,
    "A1_r-1_0_c_er_gr_0_4_MidRainSunset_low_": 25,
    "A1_r-1_0_c_er_gr_0_4_MidRainSunset_mid_": 25,
    "A1_r-1_0_c_er_gr_0_4_MidRainyNoon_high_": 25,
    "A1_r-1_0_c_er_gr_0_4_MidRainyNoon_low_": 25,
    "A1_r-1_0_c_er_gr_0_4_MidRainyNoon_mid_": 25,
    "A1_r-1_0_c_er_gr_0_4_WetNoon_mid_": 25,
    "A1_r-1_0_c_er_gr_0_4_WetSunset_low_": 25,
    "A1_r-1_0_c_gi_gi_0_CloudyNoon_high_": 62,
    "A1_r-1_0_c_gi_gi_0_CloudyNoon_mid_": 62,
    "A1_r-1_0_c_gi_gi_0_CloudySunset_mid_": 62,
    "A1_r-1_0_c_gi_gi_0_HardRainNoon_low_": 62,
    "A1_r-1_0_c_gi_gi_0_HardRainNoon_mid_": 62,
    "A1_r-1_0_c_gi_gi_0_HardRainSunset_low_": 62,
    "A1_r-1_0_c_gi_gi_0_HardRainSunset_mid_": 62,
    "A1_r-1_0_c_gi_gi_0_MidRainSunset_high_": 62,
    "A1_r-1_0_c_gi_gi_0_MidRainSunset_low_": 62,
    "A1_r-1_0_c_gi_gi_0_MidRainSunset_mid_": 62,
    "A1_r-1_0_c_gi_gi_0_MidRainyNoon_high_": 62,
    "A1_r-1_0_c_gi_gi_0_MidRainyNoon_low_": 62,
    "A1_r-1_0_c_gi_gi_0_MidRainyNoon_mid_": 62,
    "A1_r-1_0_c_gi_gi_0_WetSunset_high_": 62,
    "A1_r-1_0_c_gi_gi_0_WetSunset_low_": 62,
    "A1_r-1_0_c_gi_gi_0_WetSunset_mid_": 62,
    "A1_r-1_0_c_gi_gi_0_1_ClearSunset_high_": 32,
    "A1_r-1_0_c_gi_gi_0_1_ClearSunset_mid_": 32,
    "A1_r-1_0_c_gi_gi_0_1_CloudySunset_low_": 32,
    "A1_r-1_0_c_gi_gi_0_1_HardRainNoon_high_": 32,
    "A1_r-1_0_c_gi_gi_0_1_HardRainNoon_mid_": 33,
    "A1_r-1_0_c_gi_gi_0_1_HardRainSunset_high_": 32,
    "A1_r-1_0_c_gi_gi_0_1_HardRainSunset_mid_": 32,
    "A1_r-1_0_c_gi_gi_0_1_MidRainSunset_mid_": 33,
    "A1_r-1_0_c_gi_gi_0_1_MidRainyNoon_high_": 32,
    "A1_r-1_0_c_gi_gi_0_1_MidRainyNoon_low_": 32,
    "A1_r-1_0_c_gi_gi_0_1_WetSunset_high_": 32,
    "A1_r-1_0_c_gi_gi_0_2_ClearSunset_high_": 30,
    "A1_r-1_0_c_gi_gi_0_2_ClearSunset_low_": 30,
    "A1_r-1_0_c_gi_gi_0_2_CloudyNoon_high_": 30,
    "A1_r-1_0_c_gi_gi_0_2_CloudySunset_high_": 30,
    "A1_r-1_0_c_gi_gi_0_2_CloudySunset_low_": 30,
    "A1_r-1_0_c_gi_gi_0_2_CloudySunset_mid_": 30,
    "A1_r-1_0_c_gi_gi_0_2_HardRainNoon_high_": 30,
    "A1_r-1_0_c_gi_gi_0_2_HardRainNoon_low_": 30,
    "A1_r-1_0_c_gi_gi_0_2_HardRainNoon_mid_": 30,
    "A1_r-1_0_c_gi_gi_0_2_HardRainSunset_high_": 30,
    "A1_r-1_0_c_gi_gi_0_2_HardRainSunset_mid_": 30,
    "A1_r-1_0_c_gi_gi_0_2_MidRainSunset_high_": 30,
    "A1_r-1_0_c_gi_gi_0_2_MidRainSunset_low_": 30,
    "A1_r-1_0_c_gi_gi_0_2_MidRainSunset_mid_": 30,
    "A1_r-1_0_c_gi_gi_0_2_MidRainyNoon_low_": 30,
    "A1_r-1_0_c_gi_gi_0_2_MidRainyNoon_mid_": 30,
    "A1_r-1_0_c_gi_gi_0_3_CloudySunset_high_": 14,
    "A1_r-1_0_c_gi_gi_0_3_CloudySunset_low_": 14,
    "A1_r-1_0_c_gi_gi_0_3_CloudySunset_mid_": 14,
    "A1_r-1_0_c_gi_gi_0_3_HardRainNoon_high_": 14,
    "A1_r-1_0_c_gi_gi_0_3_HardRainNoon_low_": 14,
    "A1_r-1_0_c_gi_gi_0_3_HardRainNoon_mid_": 14,
    "A1_r-1_0_c_gi_gi_0_3_HardRainSunset_high_": 14,
    "A1_r-1_0_c_gi_gi_0_3_HardRainSunset_low_": 14,
    "A1_r-1_0_c_gi_gi_0_3_HardRainSunset_mid_": 14,
    "A1_r-1_0_c_gi_gi_0_3_MidRainSunset_high_": 14,
    "A1_r-1_0_c_gi_gi_0_3_MidRainSunset_low_": 14,
    "A1_r-1_0_c_gi_gi_0_3_MidRainyNoon_high_": 14,
    "A1_r-1_0_c_gi_gi_0_3_MidRainyNoon_low_": 14,
    "A1_r-1_0_c_gi_gi_0_3_MidRainyNoon_mid_": 14,
    "A1_r-1_0_c_gi_gi_0_3_WetNoon_high_": 14,
    "A1_r-1_0_c_gi_gi_0_3_WetNoon_mid_": 14,
    "A1_r-1_0_c_gi_gi_0_3_WetSunset_mid_": 14,
    "A1_r-1_0_c_gr_er_0_3_CloudySunset_low_": 47,
    "A1_r-1_0_c_gr_er_0_3_HardRainNoon_mid_": 47,
    "A1_r-1_0_c_gr_er_0_3_HardRainSunset_high_": 47,
    "A1_r-1_0_c_gr_er_0_3_HardRainSunset_mid_": 47,
    "A1_r-1_0_c_gr_er_0_3_MidRainSunset_low_": 46,
    "A1_r-1_0_c_gr_er_0_3_MidRainSunset_mid_": 46,
    "A1_r-1_0_c_gr_er_0_3_MidRainyNoon_low_": 47,
    "A1_r-1_0_c_gr_er_0_3_WetNoon_mid_": 46,
    "A1_r-1_0_c_gr_er_0_4_ClearSunset_low_": 34,
    "A1_r-1_0_c_gr_er_0_4_CloudySunset_high_": 34,
    "A1_r-1_0_c_gr_er_0_4_CloudySunset_low_": 34,
    "A1_r-1_0_c_gr_er_0_4_CloudySunset_mid_": 33,
    "A1_r-1_0_c_gr_er_0_4_HardRainNoon_high_": 34,
    "A1_r-1_0_c_gr_er_0_4_HardRainNoon_low_": 34,
    "A1_r-1_0_c_gr_er_0_4_HardRainNoon_mid_": 33,
    "A1_r-1_0_c_gr_er_0_4_HardRainSunset_high_": 33,
    "A1_r-1_0_c_gr_er_0_4_HardRainSunset_low_": 34,
    "A1_r-1_0_c_gr_er_0_4_MidRainSunset_low_": 34,
    "A1_r-1_0_c_gr_er_0_4_MidRainSunset_mid_": 33,
    "A1_r-1_0_c_gr_er_0_4_MidRainyNoon_high_": 33,
    "A1_r-1_0_c_gr_er_0_4_MidRainyNoon_mid_": 33,
    "A1_r-1_0_c_gr_er_0_4_WetNoon_high_": 33,
    "A1_r-1_0_c_gr_er_0_4_WetNoon_mid_": 33,
    "A1_r-1_0_c_gr_er_0_4_WetSunset_high_": 34,
    "A1_r-1_0_c_gr_er_0_4_WetSunset_mid_": 33,
    "A1_r-1_0_c_gr_er_0_5_ClearSunset_mid_": 39,
    "A1_r-1_0_c_gr_er_0_5_CloudyNoon_mid_": 39,
    "A1_r-1_0_c_gr_er_0_5_CloudySunset_low_": 39,
    "A1_r-1_0_c_gr_er_0_5_HardRainNoon_low_": 39,
    "A1_r-1_0_c_gr_er_0_5_HardRainNoon_mid_": 39,
    "A1_r-1_0_c_gr_er_0_5_HardRainSunset_high_": 39,
    "A1_r-1_0_c_gr_er_0_5_HardRainSunset_low_": 39,
    "A1_r-1_0_c_gr_er_0_5_MidRainSunset_low_": 39,
    "A1_r-1_0_c_gr_er_0_5_MidRainSunset_mid_": 39,
    "A1_r-1_0_c_gr_er_0_5_MidRainyNoon_high_": 38,
    "A1_r-1_0_c_gr_er_0_5_MidRainyNoon_low_": 39,
    "A1_r-1_0_c_gr_er_0_5_MidRainyNoon_mid_": 39,
    "A1_r-1_0_c_gr_er_0_5_WetNoon_high_": 39,
    "A1_r-1_0_c_gr_er_0_5_WetNoon_mid_": 39,
    "A1_r-1_0_c_gr_er_0_5_WetSunset_high_": 39,
    "A1_r-1_0_c_gr_er_0_5_WetSunset_low_": 39,
    "A1_r-1_0_c_gr_er_0_5_WetSunset_mid_": 39,
    "A1_r-1_0_c_gr_gr_0_HardRainSunset_high_": 29,
    "A1_r-1_0_c_gr_gr_0_HardRainSunset_mid_": 29,
    "A1_r-1_0_c_gr_gr_0_WetSunset_low_": 29,
    "A1_r-1_0_c_gr_gr_0_1_ClearSunset_low_": 67,
    "A1_r-1_0_c_gr_gr_0_1_CloudyNoon_mid_": 62,
    "A1_r-1_0_c_gr_gr_0_1_MidRainyNoon_low_": 68,
    "A1_r-1_0_c_gr_gr_0_1_MidRainyNoon_mid_": 67,
    "A1_r-1_0_c_gr_gr_0_1_WetNoon_mid_": 66,
    "A1_r-1_0_c_gr_gr_0_1_WetSunset_mid_": 67,
    "A1_r-1_0_c_gr_gr_0_2_ClearSunset_low_": 88,
    "A1_r-1_0_c_gr_gr_0_2_HardRainNoon_low_": 88,
    "A1_r-1_0_c_gr_gr_0_2_HardRainSunset_low_": 88,
    "A1_r-1_0_c_gr_gr_0_2_HardRainSunset_mid_": 87,
    "A6_r-1_0_p_c_er_0_ClearSunset_low_": 40,
    "A6_r-1_0_p_c_er_0_HardRainSunset_mid_": 40,
    "A6_r-1_0_p_c_er_0_1_HardRainSunset_mid_": 38,
    "A6_r-1_0_p_c_er_0_1_MidRainSunset_low_": 39,
    "A6_r-1_0_p_c_er_0_1_MidRainyNoon_low_": 39,
    "A6_r-1_0_p_c_er_0_2_ClearSunset_low_": 38,
    "A6_r-1_0_p_c_er_0_2_CloudySunset_low_": 38,
    "A6_r-1_0_p_c_er_0_2_HardRainNoon_low_": 38,
    "A6_r-1_0_p_c_er_0_2_HardRainSunset_low_": 38,
    "A6_r-1_0_p_c_er_0_3_ClearSunset_low_": 38,
    "A6_r-1_0_p_c_er_0_3_HardRainNoon_low_": 38,
    "A6_r-1_0_p_c_er_0_3_HardRainNoon_mid_": 38,
    "A6_r-1_0_p_c_er_0_3_HardRainSunset_low_": 38,
    "A6_r-1_0_p_c_er_0_3_MidRainSunset_low_": 38,
    "A6_r-1_0_p_c_er_0_3_MidRainyNoon_low_": 38,
    "A6_r-1_0_p_c_er_0_3_MidRainyNoon_mid_": 38,
    "A6_r-1_0_p_c_er_0_3_WetNoon_low_": 38,
    "A6_r-1_0_p_j_gi_0_ClearSunset_low_": 44,
    "A6_r-1_0_p_j_gi_0_CloudySunset_high_": 44,
    "A6_r-1_0_p_j_gi_0_HardRainNoon_high_": 44,
    "A6_r-1_0_p_j_gi_0_HardRainNoon_mid_": 44,
    "A6_r-1_0_p_j_gi_0_HardRainSunset_low_": 44,
    "A6_r-1_0_p_j_gi_0_HardRainSunset_mid_": 44,
    "A6_r-1_0_p_j_gi_0_MidRainSunset_mid_": 44,
    "A6_r-1_0_p_j_gi_0_MidRainyNoon_high_": 44,
    "A6_r-1_0_p_j_gi_0_MidRainyNoon_low_": 44,
    "A6_r-1_0_p_j_gi_0_WetSunset_high_": 44,
    "A6_r-1_0_p_j_gi_0_WetSunset_mid_": 44,
    "A6_r-1_0_p_j_gi_0_1_ClearSunset_high_": 38,
    "A6_r-1_0_p_j_gi_0_1_ClearSunset_mid_": 38,
    "A6_r-1_0_p_j_gi_0_1_CloudyNoon_mid_": 38,
    "A6_r-1_0_p_j_gi_0_1_CloudySunset_low_": 38,
    "A6_r-1_0_p_j_gi_0_1_CloudySunset_mid_": 38,
    "A6_r-1_0_p_j_gi_0_1_HardRainNoon_low_": 38,
    "A6_r-1_0_p_j_gi_0_1_HardRainNoon_mid_": 38,
    "A6_r-1_0_p_j_gi_0_1_HardRainSunset_mid_": 38,
    "A6_r-1_0_p_j_gi_0_1_MidRainSunset_low_": 40,
    "A6_r-1_0_p_j_gi_0_1_MidRainSunset_mid_": 40,
    "A6_r-1_0_p_j_gi_0_1_MidRainyNoon_high_": 38,
    "A6_r-1_0_p_j_gi_0_1_MidRainyNoon_mid_": 38,
    "A6_r-1_0_p_j_gi_0_1_WetNoon_mid_": 38,
    "A6_r-1_0_p_j_gi_0_1_WetSunset_high_": 38,
    "A6_r-1_0_p_j_gi_0_1_WetSunset_low_": 38,
    "A6_r-1_0_p_j_gi_0_2_ClearSunset_low_": 64,
    "A6_r-1_0_p_j_gi_0_2_ClearSunset_mid_": 64,
    "A6_r-1_0_p_j_gi_0_2_CloudyNoon_mid_": 64,
    "A6_r-1_0_p_j_gi_0_2_CloudySunset_low_": 64,
    "A6_r-1_0_p_j_gi_0_2_HardRainNoon_high_": 64,
    "A6_r-1_0_p_j_gi_0_2_HardRainNoon_low_": 64,
    "A6_r-1_0_p_j_gi_0_2_HardRainNoon_mid_": 64,
    "A6_r-1_0_p_j_gi_0_2_HardRainSunset_low_": 64,
    "A6_r-1_0_p_j_gi_0_2_HardRainSunset_mid_": 64,
    "A6_r-1_0_p_j_gi_0_2_MidRainSunset_high_": 64,
    "A6_r-1_0_p_j_gi_0_2_MidRainSunset_low_": 64,
    "A6_r-1_0_p_j_gi_0_2_MidRainSunset_mid_": 64,
    "A6_r-1_0_p_j_gi_0_2_MidRainyNoon_mid_": 64,
    "A6_r-1_0_p_j_gi_0_2_WetNoon_mid_": 64,
    "A6_r-1_0_p_j_gi_j_ClearSunset_high_": 30,
    "A6_r-1_0_p_j_gi_j_CloudyNoon_mid_": 30,
    "A6_r-1_0_p_j_gi_j_CloudySunset_low_": 30,
    "A6_r-1_0_p_j_gi_j_CloudySunset_mid_": 30,
    "A6_r-1_0_p_j_gi_j_HardRainSunset_low_": 30,
    "A6_r-1_0_p_j_gi_j_HardRainSunset_mid_": 30,
    "A6_r-1_0_p_j_gi_j_MidRainSunset_high_": 30,
    "A6_r-1_0_p_j_gi_j_MidRainSunset_low_": 30,
    "A6_r-1_0_p_j_gi_j_MidRainyNoon_high_": 30,
    "A6_r-1_0_p_j_gi_j_MidRainyNoon_low_": 30,
    "A6_r-1_0_p_j_gi_j_MidRainyNoon_mid_": 30,
    "A6_r-1_0_p_j_gi_j_WetSunset_low_": 30,
    "A6_r-1_0_p_j_gi_j_WetSunset_mid_": 30,
    "B3_r-1_0_b_er_gr_1_0_4_ClearSunset_low_": 74,
    "B3_r-1_0_b_er_gr_1_0_4_HardRainNoon_mid_": 74,
    "B3_r-1_0_b_er_gr_1_0_4_HardRainSunset_low_": 74,
    "B3_r-1_0_b_er_gr_1_0_4_HardRainSunset_mid_": 72,
    "B3_r-1_0_b_er_gr_1_0_4_MidRainSunset_high_": 74,
    "B3_r-1_0_b_er_gr_1_0_4_MidRainyNoon_low_": 73,
    "B3_r-1_0_b_er_gr_1_0_4_WetNoon_mid_": 73,
    "B3_r-1_0_b_er_gr_1_0_7_ClearSunset_low_": 87,
    "B3_r-1_0_b_er_gr_1_0_7_ClearSunset_mid_": 87,
    "B3_r-1_0_b_er_gr_1_0_7_CloudySunset_low_": 87,
    "B3_r-1_0_b_er_gr_1_0_7_HardRainNoon_high_": 86,
    "B3_r-1_0_b_er_gr_1_0_7_HardRainNoon_mid_": 86,
    "B3_r-1_0_b_er_gr_1_0_7_HardRainSunset_high_": 87,
    "B3_r-1_0_b_er_gr_1_0_7_HardRainSunset_low_": 86,
    "B3_r-1_0_b_er_gr_1_0_7_MidRainSunset_high_": 87,
    "B3_r-1_0_b_er_gr_1_0_7_MidRainSunset_low_": 86,
    "B3_r-1_0_b_er_gr_1_0_7_MidRainSunset_mid_": 87,
    "B3_r-1_0_b_er_gr_1_0_7_MidRainyNoon_high_": 86,
    "B3_r-1_0_b_er_gr_1_0_7_MidRainyNoon_low_": 87,
    "B3_r-1_0_b_er_gr_1_0_7_MidRainyNoon_mid_": 87,
    "B3_r-1_0_b_er_gr_1_0_7_WetNoon_high_": 87,
    "B3_r-1_0_b_er_gr_1_0_7_WetSunset_high_": 86,
    "B3_r-1_0_b_er_gr_1_0_7_WetSunset_mid_": 86,
    "B3_r-1_0_b_er_gr_1_0_8_ClearNoon_high_": 72,
    "B3_r-1_0_b_er_gr_1_0_8_ClearNoon_mid_": 73,
    "B3_r-1_0_b_er_gr_1_0_8_CloudySunset_high_": 73,
    "B3_r-1_0_b_er_gr_1_0_8_HardRainSunset_high_": 73,
    "B3_r-1_0_b_er_gr_1_0_8_MidRainSunset_low_": 73,
    "B3_r-1_0_b_er_gr_1_0_8_MidRainSunset_mid_": 73,
    "B3_r-1_0_b_er_gr_1_0_8_MidRainyNoon_low_": 73,
    "B3_r-1_0_b_er_gr_1_0_8_WetNoon_high_": 73,
    "B3_r-1_0_b_er_gr_1_0_8_WetSunset_low_": 73,
    "B3_r-1_0_b_er_gr_1_0_9_ClearNoon_high_": 87,
    "B3_r-1_0_b_er_gr_1_0_9_ClearNoon_mid_": 86,
    "B3_r-1_0_b_er_gr_1_0_9_ClearSunset_mid_": 86,
    "B3_r-1_0_b_er_gr_1_0_9_CloudyNoon_mid_": 87,
    "B3_r-1_0_b_er_gr_1_0_9_CloudySunset_low_": 87,
    "B3_r-1_0_b_er_gr_1_0_9_HardRainSunset_mid_": 88,
    "B3_r-1_0_b_er_gr_1_0_9_MidRainSunset_high_": 87,
    "B3_r-1_0_b_er_gr_1_0_9_MidRainSunset_low_": 87,
    "B3_r-1_0_b_er_gr_1_0_9_MidRainyNoon_high_": 86,
    "B3_r-1_0_b_er_gr_1_0_9_MidRainyNoon_low_": 87,
    "B3_r-1_0_b_er_gr_1_0_9_MidRainyNoon_mid_": 87,
    "B3_r-1_0_b_er_gr_1_0_9_WetNoon_high_": 86,
    "B3_r-1_0_b_er_gr_1_0_9_WetSunset_high_": 87,
    "B3_r-1_0_t_er_er_1_0_3_ClearSunset_high_": 59,
    "B3_r-1_0_t_er_er_1_0_3_ClearSunset_low_": 59,
    "B3_r-1_0_t_er_er_1_0_3_CloudyNoon_mid_": 59,
    "B3_r-1_0_t_er_er_1_0_3_HardRainNoon_high_": 59,
    "B3_r-1_0_t_er_er_1_0_3_HardRainNoon_low_": 59,
    "B3_r-1_0_t_er_er_1_0_3_HardRainSunset_mid_": 59,
    "B3_r-1_0_t_er_er_1_0_3_MidRainSunset_low_": 59,
    "B3_r-1_0_t_er_er_1_0_3_MidRainyNoon_high_": 59,
    "B3_r-1_0_t_er_er_1_0_3_MidRainyNoon_mid_": 59,
    "B3_r-1_0_t_er_er_1_0_3_WetNoon_high_": 61,
    "B3_r-1_0_t_er_gr_1_0_1_ClearSunset_high_": 86,
    "B3_r-1_0_t_er_gr_1_0_1_ClearSunset_low_": 86,
    "B3_r-1_0_t_er_gr_1_0_1_CloudySunset_mid_": 87,
    "B3_r-1_0_t_er_gr_1_0_1_HardRainNoon_high_": 86,
    "B3_r-1_0_t_er_gr_1_0_1_HardRainNoon_low_": 86,
    "B3_r-1_0_t_er_gr_1_0_1_HardRainSunset_high_": 86,
    "B3_r-1_0_t_er_gr_1_0_1_HardRainSunset_low_": 87,
    "B3_r-1_0_t_er_gr_1_0_1_HardRainSunset_mid_": 86,
    "B3_r-1_0_t_er_gr_1_0_1_MidRainSunset_high_": 86,
    "B3_r-1_0_t_er_gr_1_0_1_MidRainSunset_low_": 86,
    "B3_r-1_0_t_er_gr_1_0_1_MidRainyNoon_low_": 86,
    "B3_r-1_0_t_er_gr_1_0_1_MidRainyNoon_mid_": 87,
    "B3_r-1_0_t_er_gr_1_0_1_WetNoon_high_": 86,
    "B3_r-1_0_t_er_gr_1_0_1_WetNoon_mid_": 86,
    "B3_r-1_0_t_er_gr_1_0_1_WetSunset_low_": 86,
    "B3_r-1_0_t_er_gr_1_0_1_WetSunset_mid_": 86,
    "B3_r-1_0_t_er_gr_1_0_2_ClearSunset_low_": 48,
    "B3_r-1_0_t_er_gr_1_0_2_ClearSunset_mid_": 48,
    "B3_r-1_0_t_er_gr_1_0_2_HardRainNoon_low_": 48,
    "B3_r-1_0_t_er_gr_1_0_2_HardRainNoon_mid_": 48,
    "B3_r-1_0_t_er_gr_1_0_2_HardRainSunset_high_": 48,
    "B3_r-1_0_t_er_gr_1_0_2_HardRainSunset_low_": 48,
    "B3_r-1_0_t_er_gr_1_0_2_MidRainyNoon_low_": 44,
    "B7_r-1_0_p_c_er_0_1_CloudyNoon_mid_": 40,
    "B7_r-1_0_p_c_er_0_1_HardRainNoon_mid_": 40,
    "B7_r-1_0_p_c_er_0_1_HardRainSunset_high_": 40,
    "B7_r-1_0_p_c_er_0_1_HardRainSunset_low_": 40,
    "B7_r-1_0_p_c_er_0_1_MidRainyNoon_high_": 40,
    "B7_r-1_0_p_c_er_0_1_MidRainyNoon_low_": 40,
    "B7_r-1_0_p_c_er_0_1_WetSunset_high_": 40,
    "B7_r-1_0_p_c_er_0_1_WetSunset_low_": 40,
    "B7_r-1_0_p_c_er_0_1_WetSunset_mid_": 40,
    "B7_r-1_0_p_j_er_j_ClearNoon_high_": 29,
    "B7_r-1_0_p_j_er_j_ClearNoon_mid_": 28,
    "B7_r-1_0_p_j_er_j_ClearSunset_mid_": 28,
    "B7_r-1_0_p_j_er_j_CloudyNoon_high_": 28,
    "B7_r-1_0_p_j_er_j_CloudyNoon_mid_": 29,
    "B7_r-1_0_p_j_er_j_CloudySunset_low_": 28,
    "B7_r-1_0_p_j_er_j_HardRainNoon_low_": 28,
    "B7_r-1_0_p_j_er_j_HardRainNoon_mid_": 28,
    "B7_r-1_0_p_j_er_j_HardRainSunset_high_": 28,
    "B7_r-1_0_p_j_er_j_HardRainSunset_low_": 28,
    "B7_r-1_0_p_j_er_j_HardRainSunset_mid_": 29,
    "B7_r-1_0_p_j_er_j_WetNoon_mid_": 28,
    "B7_r-1_0_p_j_er_j_1_ClearNoon_mid_": 32,
    "B7_r-1_0_p_j_er_j_1_ClearSunset_low_": 32,
    "B7_r-1_0_p_j_er_j_1_CloudyNoon_high_": 32,
    "B7_r-1_0_p_j_er_j_1_CloudyNoon_mid_": 32,
    "B7_r-1_0_p_j_er_j_1_HardRainNoon_high_": 32,
    "B7_r-1_0_p_j_er_j_1_HardRainNoon_low_": 32,
    "B7_r-1_0_p_j_er_j_1_HardRainSunset_low_": 32,
    "B7_r-1_0_p_j_er_j_1_HardRainSunset_mid_": 32,
    "B7_r-1_0_p_j_er_j_1_MidRainSunset_mid_": 32,
    "B7_r-1_0_p_j_er_j_1_MidRainyNoon_mid_": 32,
    "B7_r-1_0_p_j_er_j_1_WetSunset_mid_": 32,
    "B8_r-1_0_p_c_er_0_1_ClearNoon_high_": 44,
    "B8_r-1_0_p_c_er_0_1_ClearNoon_mid_": 43,
    "B8_r-1_0_p_c_er_0_1_CloudySunset_low_": 43,
    "B8_r-1_0_p_c_er_0_1_HardRainNoon_low_": 43,
    "B8_r-1_0_p_c_er_0_1_HardRainNoon_mid_": 43,
    "B8_r-1_0_p_c_er_0_1_MidRainSunset_low_": 43,
    "B8_r-1_0_p_c_er_0_1_MidRainyNoon_high_": 43,
    "B8_r-1_0_p_c_er_0_1_MidRainyNoon_low_": 43,
    "B8_r-1_0_p_c_er_0_1_WetNoon_high_": 43,
    "B8_r-1_0_p_c_er_0_1_WetNoon_mid_": 43,
    "B8_r-1_0_p_c_er_0_1_WetSunset_low_": 43,
    "B8_r-1_0_p_c_er_0_2_ClearSunset_low_": 46,
    "B8_r-1_0_p_c_er_0_2_CloudySunset_high_": 46,
    "B8_r-1_0_p_c_er_0_2_HardRainNoon_low_": 46,
    "B8_r-1_0_p_c_er_0_2_HardRainNoon_mid_": 46,
    "B8_r-1_0_p_c_er_0_2_HardRainSunset_high_": 47,
    "B8_r-1_0_p_c_er_0_2_HardRainSunset_mid_": 47,
    "B8_r-1_0_p_c_er_0_2_MidRainSunset_low_": 46,
    "B8_r-1_0_p_c_er_0_2_MidRainyNoon_low_": 46,
    "B8_r-1_0_p_c_er_0_2_WetSunset_low_": 46,
    "B8_r-1_0_p_c_er_0_2_WetSunset_mid_": 46,
    "B8_r-1_0_p_j_er_j_ClearNoon_low_": 47,
    "B8_r-1_0_p_j_er_j_CloudySunset_low_": 47,
    "B8_r-1_0_p_j_er_j_CloudySunset_mid_": 47,
    "B8_r-1_0_p_j_er_j_HardRainSunset_low_": 47,
    "B8_r-1_0_p_j_er_j_MidRainSunset_low_": 47,
    "B8_r-1_0_p_j_er_j_MidRainyNoon_low_": 47,
    "B8_r-1_0_p_j_er_j_MidRainyNoon_mid_": 47
}