{
    "10_i-1_1_c_f_f_1_rl_ClearSunset_low_": 37,
    "10_i-1_1_c_f_f_1_rl_CloudyNoon_mid_": 34,
    "10_i-1_1_c_f_f_1_rl_HardRainNoon_mid_": 34,
    "10_i-1_1_c_f_f_1_rl_MidRainyNoon_low_": 34,
    "10_i-1_1_c_l_l_1_rl_ClearSunset_high_": 20,
    "10_i-1_1_c_l_l_1_rl_CloudyNoon_mid_": 18,
    "10_i-1_1_c_l_l_1_rl_CloudySunset_low_": 18,
    "10_i-1_1_c_l_l_1_rl_HardRainNoon_high_": 20,
    "10_i-1_1_c_l_l_1_rl_HardRainNoon_mid_": 18,
    "10_i-1_1_c_l_l_1_rl_HardRainSunset_low_": 18,
    "10_i-1_1_c_l_l_1_rl_MidRainSunset_high_": 18,
    "10_i-1_1_c_l_l_1_rl_MidRainSunset_mid_": 18,
    "10_i-1_1_c_l_r_1_0_CloudyNoon_mid_": 32,
    "10_i-1_1_c_l_r_1_0_CloudySunset_high_": 37,
    "10_i-1_1_c_l_r_1_0_CloudySunset_low_": 32,
    "10_i-1_1_c_l_r_1_0_HardRainSunset_low_": 32,
    "10_i-1_1_c_l_u_1_rl_CloudyNoon_high_": 50,
    "10_i-1_1_c_l_u_1_rl_MidRainyNoon_low_": 46,
    "10_i-1_1_c_l_u_1_rl_MidRainyNoon_mid_": 48,
    "10_i-1_1_c_r_l_1_0_ClearSunset_high_": 40,
    "10_i-1_1_c_r_l_1_0_ClearSunset_low_": 40,
    "10_i-1_1_c_r_l_1_0_MidRainSunset_mid_": 41,
    "10_i-1_1_c_r_l_1_0_MidRainyNoon_high_": 42,
    "10_i-1_1_c_r_l_1_0_WetNoon_high_": 41,
    "10_i-1_1_p_c_l_1_0_CloudyNoon_mid_": 110,
    "10_i-1_1_p_c_l_1_0_HardRainNoon_mid_": 110,
    "10_i-1_1_p_c_l_1_0_MidRainSunset_low_": 110,
    "10_i-1_1_p_c_l_1_0_MidRainyNoon_low_": 110,
    "10_i-1_1_p_c_l_1_0_WetSunset_low_": 110,
    "10_i-1_1_p_c_l_1_j_CloudyNoon_mid_": 100,
    "10_i-1_1_p_c_l_1_j_MidRainyNoon_low_": 99,
    "10_i-1_1_p_c_l_1_j_MidRainyNoon_mid_": 98,
    "10_i-1_1_p_c_l_1_j_WetSunset_high_": 84,
    "10_i-1_1_p_c_l_1_j_WetSunset_mid_": 90,
    "10_i-1_1_p_c_r_1_0_ClearSunset_low_": 151,
    "10_i-1_1_p_c_r_1_0_HardRainSunset_mid_": 151,
    "10_i-1_1_p_c_r_1_0_1_ClearSunset_low_": 48,
    "10_i-1_1_p_c_r_1_0_1_MidRainSunset_high_": 48,
    "10_i-1_1_p_c_r_1_0_1_MidRainSunset_mid_": 50,
    "10_i-1_1_p_c_r_1_0_1_MidRainyNoon_high_": 50,
    "10_i-1_1_p_c_r_1_0_1_MidRainyNoon_mid_": 49,
    "10_i-1_1_p_j_f_1_j_CloudySunset_low_": 123,
    "10_i-1_1_p_j_f_1_j_MidRainyNoon_low_": 124,
    "10_i-1_1_p_j_f_1_j_WetSunset_high_": 125,
    "10_i-1_1_p_j_l_1_j_CloudySunset_mid_": 60,
    "10_i-1_1_p_j_l_1_j_HardRainSunset_mid_": 60,
    "10_i-1_1_p_j_l_1_j_MidRainSunset_high_": 60,
    "10_i-1_1_p_j_l_1_j_MidRainSunset_low_": 60,
    "10_i-1_1_t_f_f_1_rl_ClearSunset_low_": 26,
    "10_i-1_1_t_f_f_1_rl_CloudyNoon_high_": 27,
    "10_i-1_1_t_f_f_1_rl_HardRainSunset_high_": 28,
    "10_i-1_1_t_f_f_1_rl_HardRainSunset_low_": 26,
    "10_i-1_1_t_f_u_1_0_CloudyNoon_mid_": 57,
    "10_i-1_1_t_f_u_1_0_CloudySunset_low_": 57,
    "10_i-1_1_t_f_u_1_0_CloudySunset_mid_": 57,
    "10_i-1_1_t_f_u_1_0_HardRainNoon_mid_": 57,
    "10_i-1_1_t_f_u_1_0_HardRainSunset_high_": 57,
    "10_i-1_1_t_f_u_1_0_HardRainSunset_low_": 57,
    "10_i-1_1_t_f_u_1_0_MidRainSunset_mid_": 57,
    "10_i-1_1_t_f_u_1_0_MidRainyNoon_high_": 57,
    "10_i-1_1_t_f_u_1_0_WetNoon_high_": 57,
    "10_i-1_1_t_f_u_1_0_WetSunset_high_": 57,
    "10_i-1_1_t_l_f_1_0_CloudySunset_low_": 12,
    "10_i-1_1_t_r_f_1_rl_WetSunset_high_": 44,
    "10_i-1_1_t_r_r_1_0_CloudySunset_low_": 19,
    "10_s-1_0_c_f_sr_1_0_CloudyNoon_mid_": 52,
    "10_s-1_0_c_f_sr_1_0_CloudySunset_mid_": 52,
    "10_s-1_0_c_f_sr_1_0_HardRainSunset_high_": 52,
    "10_s-1_0_c_f_sr_1_0_HardRainSunset_mid_": 52,
    "10_s-1_0_c_f_sr_1_0_MidRainSunset_low_": 52,
    "10_s-1_0_c_f_sr_1_0_MidRainyNoon_high_": 52,
    "10_s-1_0_c_f_sr_1_0_MidRainyNoon_low_": 52,
    "10_s-1_0_c_f_sr_1_0_MidRainyNoon_mid_": 52,
    "10_s-1_0_c_f_sr_1_0_WetSunset_high_": 52,
    "10_s-1_0_c_f_sr_1_0_WetSunset_low_": 52,
    "10_s-1_0_c_sl_f_1_0_ClearSunset_high_": 57,
    "10_s-1_0_c_sl_f_1_0_ClearSunset_mid_": 57,
    "10_s-1_0_c_sl_f_1_0_CloudySunset_low_": 57,
    "10_s-1_0_c_sl_f_1_0_HardRainNoon_high_": 57,
    "10_s-1_0_c_sl_f_1_0_MidRainSunset_high_": 57,
    "10_s-1_0_c_sl_f_1_0_MidRainSunset_low_": 57,
    "10_s-1_0_c_sl_f_1_0_MidRainSunset_mid_": 57,
    "10_s-1_0_c_sl_f_1_0_MidRainyNoon_low_": 57,
    "10_s-1_0_c_sl_f_1_0_MidRainyNoon_mid_": 57,
    "10_s-1_0_c_sr_f_1_0_ClearSunset_mid_": 47,
    "10_s-1_0_c_sr_f_1_0_HardRainNoon_mid_": 47,
    "10_s-1_0_c_sr_f_1_0_HardRainSunset_mid_": 47,
    "10_s-1_0_c_sr_f_1_0_MidRainSunset_high_": 47,
    "10_s-1_0_c_sr_f_1_0_MidRainSunset_low_": 45,
    "10_s-1_0_c_sr_f_1_0_MidRainyNoon_high_": 47,
    "10_s-1_0_c_sr_f_1_0_WetSunset_high_": 47,
    "10_s-1_0_c_sr_f_1_0_WetSunset_low_": 47,
    "10_s-2_0_c_sr_f_1_0_ClearSunset_low_": 20,
    "10_s-2_0_c_sr_f_1_0_CloudyNoon_high_": 20,
    "10_s-2_0_c_sr_f_1_0_CloudySunset_high_": 20,
    "10_s-2_0_c_sr_f_1_0_CloudySunset_mid_": 20,
    "10_s-2_0_c_sr_f_1_0_HardRainNoon_mid_": 20,
    "10_s-2_0_c_sr_f_1_0_HardRainSunset_low_": 20,
    "10_s-2_0_c_sr_f_1_0_MidRainSunset_high_": 20,
    "10_s-2_0_c_sr_f_1_0_MidRainSunset_mid_": 20,
    "10_s-2_0_c_sr_f_1_0_MidRainyNoon_high_": 20,
    "10_s-2_0_c_sr_f_1_0_WetNoon_mid_": 20,
    "10_s-2_0_c_sr_sl_1_0_ClearSunset_low_": 10,
    "10_s-2_0_c_sr_sl_1_0_CloudyNoon_high_": 10,
    "10_s-2_0_c_sr_sl_1_0_CloudyNoon_mid_": 10,
    "10_s-2_0_c_sr_sl_1_0_HardRainNoon_high_": 10,
    "10_s-2_0_c_sr_sl_1_0_HardRainNoon_mid_": 10,
    "10_s-2_0_c_sr_sl_1_0_HardRainSunset_high_": 10,
    "10_s-2_0_c_sr_sl_1_0_HardRainSunset_low_": 10,
    "10_s-2_0_c_sr_sl_1_0_HardRainSunset_mid_": 10,
    "10_s-2_0_c_sr_sl_1_0_WetSunset_high_": 10,
    "10_s-2_0_c_sr_sl_1_0_WetSunset_mid_": 10,
    "10_s-2_0_m_sl_sr_1_0_1_HardRainNoon_mid_": 33,
    "10_s-2_0_m_sl_sr_1_0_1_HardRainSunset_low_": 33,
    "10_s-2_0_m_sl_sr_1_0_1_WetSunset_low_": 33,
    "10_s-2_0_m_sl_sr_1_0_1_WetSunset_mid_": 33,
    "10_s-2_0_p_j_f_1_j_CloudyNoon_high_": 61,
    "10_s-2_0_p_j_f_1_j_CloudyNoon_mid_": 61,
    "10_s-2_0_p_j_f_1_j_CloudySunset_low_": 61,
    "10_s-2_0_p_j_f_1_j_HardRainSunset_high_": 61,
    "10_s-2_0_p_j_f_1_j_MidRainyNoon_high_": 61,
    "10_s-3_0_c_f_sl_1_0_ClearSunset_low_": 22,
    "10_s-3_0_c_f_sl_1_0_ClearSunset_mid_": 22,
    "10_s-3_0_c_f_sl_1_0_HardRainNoon_high_": 22,
    "10_s-3_0_c_f_sl_1_0_HardRainSunset_high_": 22,
    "10_s-3_0_c_f_sl_1_0_HardRainSunset_mid_": 22,
    "10_s-3_0_c_f_sl_1_0_MidRainSunset_low_": 22,
    "10_s-3_0_c_f_sl_1_0_MidRainyNoon_low_": 22,
    "10_s-3_0_c_f_sl_1_0_MidRainyNoon_mid_": 22,
    "10_s-3_0_c_f_sl_1_0_WetSunset_high_": 22,
    "10_s-3_0_c_sl_f_1_0_ClearSunset_low_": 28,
    "10_s-3_0_c_sl_f_1_0_ClearSunset_mid_": 28,
    "10_s-3_0_c_sl_f_1_0_CloudySunset_high_": 28,
    "10_s-3_0_c_sl_f_1_0_HardRainSunset_high_": 28,
    "10_s-3_0_c_sl_f_1_0_MidRainSunset_low_": 28,
    "10_s-3_0_c_sl_f_1_0_MidRainSunset_mid_": 28,
    "10_s-3_0_c_sl_f_1_0_MidRainyNoon_high_": 28,
    "10_s-3_0_c_sl_f_1_0_MidRainyNoon_low_": 28,
    "10_s-3_0_c_sl_f_1_0_MidRainyNoon_mid_": 28,
    "10_s-4_0_c_f_sr_1_0_CloudySunset_mid_": 44,
    "10_s-4_0_c_f_sr_1_0_MidRainSunset_high_": 44,
    "10_s-4_0_c_f_sr_1_0_MidRainSunset_low_": 42,
    "10_s-4_0_c_f_sr_1_0_WetSunset_high_": 44,
    "10_s-4_0_c_f_sr_1_0_1_HardRainSunset_high_": 48,
    "10_s-4_0_c_f_sr_1_0_1_MidRainSunset_low_": 48,
    "10_s-4_0_c_f_sr_1_0_1_MidRainSunset_mid_": 48,
    "10_s-4_0_c_f_sr_1_0_1_MidRainyNoon_mid_": 48,
    "10_s-5_0_c_f_sl_1_0_CloudySunset_low_": 79,
    "10_s-5_0_c_f_sl_1_0_MidRainyNoon_mid_": 79,
    "10_s-5_0_m_f_sr_1_0_ClearSunset_high_": 92,
    "10_s-5_0_m_f_sr_1_0_ClearSunset_mid_": 92,
    "10_s-5_0_m_f_sr_1_0_CloudyNoon_high_": 86,
    "10_s-5_0_m_f_sr_1_0_HardRainNoon_high_": 129,
    "10_s-5_0_m_f_sr_1_0_HardRainSunset_high_": 92,
    "10_s-5_0_m_f_sr_1_0_MidRainSunset_low_": 92,
    "10_s-5_0_m_f_sr_1_0_MidRainSunset_mid_": 85,
    "10_s-5_0_m_f_sr_1_0_MidRainyNoon_low_": 85,
    "10_s-5_0_m_f_sr_1_0_MidRainyNoon_mid_": 85,
    "10_s-5_0_m_f_sr_1_0_WetNoon_mid_": 92,
    "10_s-5_0_m_sl_f_1_0_ClearSunset_low_": 29,
    "10_s-5_0_m_sl_f_1_0_MidRainSunset_high_": 29,
    "10_s-5_0_m_sl_f_1_0_MidRainSunset_low_": 29,
    "10_s-5_0_m_sl_f_1_0_MidRainSunset_mid_": 29,
    "10_s-5_0_m_sl_f_1_0_MidRainyNoon_high_": 29,
    "10_s-5_0_m_sl_f_1_0_MidRainyNoon_mid_": 29,
    "10_s-5_0_m_sl_f_1_0_WetSunset_high_": 29,
    "10_s-5_0_m_sl_f_1_0_WetSunset_mid_": 29,
    "10_s-5_0_p_j_f_1_j_ClearSunset_high_": 73,
    "10_s-5_0_p_j_f_1_j_CloudySunset_mid_": 73,
    "10_s-5_0_p_j_f_1_j_HardRainNoon_high_": 73,
    "10_s-5_0_p_j_f_1_j_HardRainNoon_mid_": 73,
    "10_s-5_0_p_j_f_1_j_HardRainSunset_mid_": 73,
    "10_s-5_0_p_j_f_1_j_MidRainSunset_high_": 73,
    "10_s-5_0_p_j_f_1_j_MidRainSunset_low_": 73,
    "10_s-5_0_p_j_f_1_j_MidRainyNoon_low_": 73,
    "10_s-5_0_p_j_f_1_j_WetNoon_mid_": 73,
    "10_s-5_0_p_j_f_1_j_WetSunset_low_": 73,
    "10_s-5_0_t_f_sl_1_0_CloudySunset_high_": 22,
    "10_s-5_0_t_f_sl_1_0_HardRainNoon_mid_": 22,
    "10_s-5_0_t_f_sl_1_0_HardRainSunset_high_": 22,
    "10_s-5_0_t_f_sl_1_0_HardRainSunset_mid_": 22,
    "10_s-5_0_t_f_sl_1_0_MidRainSunset_low_": 22,
    "10_s-5_0_t_f_sl_1_0_MidRainyNoon_high_": 22,
    "10_s-5_0_t_f_sl_1_0_MidRainyNoon_low_": 22,
    "10_s-5_0_t_f_sl_1_0_WetSunset_low_": 22,
    "10_s-5_0_t_f_sl_1_0_WetSunset_mid_": 22,
    "10_s-6_0_c_f_sl_1_0_CloudySunset_low_": 9,
    "10_s-6_0_c_f_sl_1_0_HardRainNoon_high_": 9,
    "10_s-6_0_c_f_sl_1_0_MidRainSunset_high_": 9,
    "10_s-6_0_c_f_sl_1_0_MidRainSunset_low_": 9,
    "10_s-6_0_c_f_sl_1_0_MidRainSunset_mid_": 9,
    "10_s-6_0_c_f_sl_1_0_MidRainyNoon_low_": 9,
    "10_s-6_0_c_f_sl_1_0_MidRainyNoon_mid_": 9,
    "10_s-6_0_c_f_sr_1_0_ClearSunset_high_": 33,
    "10_s-6_0_c_f_sr_1_0_CloudySunset_low_": 29,
    "10_s-6_0_c_f_sr_1_0_HardRainNoon_mid_": 38,
    "10_s-6_0_c_f_sr_1_0_HardRainSunset_mid_": 22,
    "10_s-6_0_c_f_sr_1_0_MidRainyNoon_low_": 22,
    "10_s-6_0_c_f_sr_1_0_WetNoon_high_": 21,
    "10_s-6_0_c_f_sr_1_0_WetSunset_mid_": 34,
    "10_s-6_0_c_sl_f_1_0_CloudySunset_low_": 22,
    "10_s-6_0_c_sl_f_1_0_HardRainNoon_mid_": 22,
    "10_s-6_0_c_sl_f_1_0_HardRainSunset_high_": 22,
    "10_s-6_0_c_sl_f_1_0_HardRainSunset_low_": 22,
    "10_s-6_0_c_sl_f_1_0_MidRainSunset_mid_": 22,
    "10_s-6_0_c_sl_f_1_0_MidRainyNoon_high_": 22,
    "10_s-6_0_c_sl_f_1_0_MidRainyNoon_low_": 22,
    "10_s-6_0_c_sl_f_1_0_WetNoon_high_": 22,
    "10_s-6_0_c_sl_f_1_0_WetSunset_high_": 22,
    "10_s-6_0_c_sl_f_1_0_WetSunset_mid_": 22,
    "10_s-6_0_p_j_f_1_j_CloudySunset_high_": 57,
    "10_s-6_0_p_j_f_1_j_HardRainNoon_mid_": 57,
    "10_s-6_0_p_j_f_1_j_MidRainSunset_low_": 57,
    "10_s-6_0_p_j_f_1_j_MidRainSunset_mid_": 57,
    "10_s-6_0_p_j_f_1_j_MidRainyNoon_high_": 57,
    "10_s-6_0_p_j_f_1_j_WetSunset_low_": 57,
    "10_s-6_0_p_j_f_1_j_WetSunset_mid_": 57,
    "10_s-6_0_t_sr_f_1_0_ClearSunset_high_": 35,
    "10_s-6_0_t_sr_f_1_0_CloudySunset_mid_": 34,
    "10_s-6_0_t_sr_f_1_0_HardRainNoon_high_": 35,
    "10_s-6_0_t_sr_f_1_0_HardRainSunset_mid_": 34,
    "10_s-6_0_t_sr_f_1_0_MidRainSunset_high_": 35,
    "10_s-6_0_t_sr_f_1_0_MidRainSunset_low_": 35,
    "10_s-6_0_t_sr_f_1_0_MidRainyNoon_low_": 34,
    "10_s-6_0_t_sr_f_1_0_MidRainyNoon_mid_": 35,
    "10_s-6_0_t_sr_f_1_0_WetSunset_low_": 35,
    "10_s-7_0_b_l_f_1_s_CloudyNoon_mid_": 89,
    "10_s-7_0_b_l_f_1_s_CloudySunset_mid_": 89,
    "10_s-7_0_b_l_f_1_s_HardRainNoon_high_": 89,
    "10_s-7_0_b_l_f_1_s_MidRainSunset_high_": 89,
    "10_s-7_0_b_l_f_1_s_MidRainSunset_low_": 89,
    "10_s-7_0_b_l_f_1_s_MidRainSunset_mid_": 89,
    "10_s-7_0_b_l_f_1_s_MidRainyNoon_mid_": 89,
    "10_s-7_0_b_l_f_1_s_WetNoon_high_": 89,
    "10_s-7_0_b_l_f_1_s_WetSunset_low_": 89,
    "10_s-7_0_c_sr_f_1_0_ClearSunset_high_": 11,
    "10_s-7_0_c_sr_f_1_0_CloudyNoon_mid_": 11,
    "10_s-7_0_c_sr_f_1_0_HardRainNoon_high_": 11,
    "10_s-7_0_c_sr_f_1_0_HardRainNoon_mid_": 11,
    "10_s-7_0_c_sr_f_1_0_HardRainSunset_mid_": 11,
    "10_s-7_0_c_sr_f_1_0_MidRainSunset_high_": 11,
    "10_s-7_0_c_sr_f_1_0_MidRainSunset_low_": 11,
    "10_s-7_0_c_sr_f_1_0_MidRainyNoon_low_": 11,
    "10_s-7_0_c_u_f_1_0_ClearSunset_high_": 29,
    "10_s-7_0_c_u_f_1_0_CloudyNoon_mid_": 29,
    "10_s-7_0_c_u_f_1_0_HardRainNoon_high_": 34,
    "10_s-7_0_c_u_f_1_0_MidRainSunset_high_": 34,
    "10_s-7_0_c_u_f_1_0_MidRainSunset_low_": 29,
    "10_s-7_0_c_u_f_1_0_MidRainSunset_mid_": 28,
    "10_s-7_0_c_u_f_1_0_MidRainyNoon_low_": 28,
    "10_s-7_0_c_u_f_1_0_MidRainyNoon_mid_": 34,
    "10_s-7_0_c_u_f_1_0_WetSunset_low_": 34,
    "10_s-7_0_c_u_f_1_0_WetSunset_mid_": 34,
    "10_s-8_0_p_j_f_1_0_CloudySunset_high_": 25,
    "10_s-8_0_p_j_f_1_0_CloudySunset_low_": 26,
    "10_s-8_0_p_j_f_1_0_HardRainSunset_high_": 26,
    "10_s-8_0_p_j_f_1_0_HardRainSunset_low_": 25,
    "10_s-8_0_p_j_f_1_0_MidRainSunset_mid_": 25,
    "10_s-8_0_p_j_f_1_0_MidRainyNoon_high_": 26,
    "10_s-8_0_p_j_f_1_0_MidRainyNoon_mid_": 25,
    "10_s-8_0_p_j_f_1_0_WetSunset_mid_": 26,
    "10_t1-3_0_c_sr_r_1_0_ClearSunset_mid_": 24,
    "10_t1-3_0_c_sr_r_1_0_CloudySunset_high_": 24,
    "10_t1-3_0_c_sr_r_1_0_HardRainNoon_mid_": 24,
    "10_t1-3_0_c_sr_r_1_0_HardRainSunset_low_": 24,
    "10_t1-3_0_c_sr_r_1_0_MidRainSunset_mid_": 24,
    "10_t1-3_0_c_sr_r_1_0_MidRainyNoon_high_": 24,
    "10_t1-3_0_c_sr_r_1_0_WetSunset_low_": 24,
    "10_t1-5_0_b_f_r_1_0_ClearSunset_low_": 66,
    "10_t1-5_0_b_f_r_1_0_CloudyNoon_mid_": 66,
    "10_t1-5_0_b_f_r_1_0_CloudySunset_high_": 66,
    "10_t1-5_0_b_f_r_1_0_CloudySunset_mid_": 66,
    "10_t1-5_0_b_f_r_1_0_HardRainSunset_high_": 66,
    "10_t1-5_0_b_f_r_1_0_HardRainSunset_low_": 66,
    "10_t1-5_0_b_f_r_1_0_HardRainSunset_mid_": 66,
    "10_t1-5_0_b_f_r_1_0_MidRainyNoon_high_": 66,
    "10_t1-5_0_b_f_r_1_0_MidRainyNoon_mid_": 66,
    "10_t1-5_0_b_f_r_1_0_WetNoon_high_": 66,
    "10_t1-5_0_p_c_r_1_0_ClearSunset_high_": 61,
    "10_t1-5_0_p_c_r_1_0_ClearSunset_mid_": 61,
    "10_t1-5_0_p_c_r_1_0_CloudySunset_low_": 61,
    "10_t1-5_0_p_c_r_1_0_HardRainNoon_high_": 61,
    "10_t1-5_0_p_c_r_1_0_HardRainNoon_mid_": 61,
    "10_t1-5_0_p_c_r_1_0_HardRainSunset_mid_": 61,
    "10_t1-5_0_p_c_r_1_0_MidRainSunset_high_": 61,
    "10_t1-5_0_p_c_r_1_0_MidRainSunset_low_": 61,
    "10_t1-5_0_p_c_r_1_0_WetNoon_mid_": 61,
    "10_t1-7_1_p_c_l_1_0_ClearSunset_high_": 96,
    "10_t1-7_1_p_c_l_1_0_CloudySunset_low_": 96,
    "10_t1-7_1_p_c_l_1_0_CloudySunset_mid_": 96,
    "10_t1-7_1_p_c_l_1_0_HardRainSunset_high_": 96,
    "10_t1-7_1_p_c_l_1_0_HardRainSunset_low_": 96,
    "10_t1-7_1_p_c_l_1_0_HardRainSunset_mid_": 96,
    "10_t1-7_1_p_c_l_1_0_MidRainyNoon_high_": 96,
    "10_t1-7_1_p_c_l_1_0_MidRainyNoon_low_": 96,
    "10_t1-7_1_p_c_l_1_0_MidRainyNoon_mid_": 96,
    "10_t1-7_1_p_c_l_1_0_WetNoon_high_": 96,
    "10_t1-7_1_t_u_l_1_0_ClearSunset_mid_": 13,
    "10_t1-7_1_t_u_l_1_0_CloudyNoon_mid_": 13,
    "10_t1-7_1_t_u_l_1_0_HardRainNoon_mid_": 13,
    "10_t1-7_1_t_u_l_1_0_HardRainSunset_low_": 13,
    "10_t1-7_1_t_u_l_1_0_MidRainSunset_high_": 13,
    "10_t1-7_1_t_u_l_1_0_MidRainSunset_mid_": 13,
    "10_t1-7_1_t_u_l_1_0_MidRainyNoon_high_": 13,
    "10_t1-7_1_t_u_l_1_0_WetSunset_low_": 13,
    "10_t2-1_1_t_u_f_1_0_HardRainSunset_high_": 56,
    "10_t2-2_0_c_l_r_1_0_ClearSunset_mid_": 38,
    "10_t2-2_0_c_l_r_1_0_CloudySunset_low_": 39,
    "10_t2-2_0_c_l_r_1_0_HardRainSunset_high_": 40,
    "10_t2-2_0_c_l_r_1_0_HardRainSunset_low_": 41,
    "10_t2-2_0_c_l_r_1_0_MidRainyNoon_high_": 41,
    "10_t2-4_1_t_u_r_1_rl_CloudySunset_mid_": 58,
    "10_t2-4_1_t_u_r_1_rl_HardRainNoon_mid_": 59,
    "10_t2-4_1_t_u_r_1_rl_HardRainSunset_low_": 58,
    "10_t2-4_1_t_u_r_1_rl_MidRainSunset_high_": 59,
    "10_t2-4_1_t_u_r_1_rl_MidRainSunset_mid_": 58,
    "10_t2-4_1_t_u_r_1_rl_MidRainyNoon_low_": 59,
    "10_t2-4_1_t_u_r_1_rl_WetNoon_mid_": 58,
    "10_t2-4_1_t_u_r_1_rl_WetSunset_low_": 58,
    "10_t2-4_1_t_u_r_1_rl_1_ClearSunset_mid_": 43,
    "10_t2-4_1_t_u_r_1_rl_1_CloudyNoon_mid_": 43,
    "10_t2-4_1_t_u_r_1_rl_1_HardRainNoon_mid_": 43,
    "10_t2-4_1_t_u_r_1_rl_1_HardRainSunset_mid_": 43,
    "10_t2-4_1_t_u_r_1_rl_1_MidRainSunset_low_": 43,
    "10_t2-4_1_t_u_r_1_rl_1_WetSunset_low_": 43,
    "10_t2-6_1_c_l_r_1_0_CloudySunset_low_": 16,
    "10_t2-6_1_c_l_r_1_0_HardRainSunset_high_": 16,
    "10_t2-6_1_c_l_r_1_0_HardRainSunset_low_": 13,
    "10_t2-6_1_c_l_r_1_0_MidRainSunset_mid_": 16,
    "10_t2-6_1_c_l_r_1_0_MidRainyNoon_low_": 13,
    "10_t2-6_1_c_l_r_1_0_MidRainyNoon_mid_": 15,
    "10_t2-6_1_c_l_r_1_0_WetSunset_high_": 13,
    "10_t2-6_1_c_l_r_1_0_WetSunset_mid_": 16,
    "10_t2-6_1_p_c_r_1_0_MidRainSunset_mid_": 78,
    "10_t2-6_1_p_c_r_1_0_MidRainyNoon_mid_": 78,
    "10_t2-7_1_c_r_f_1_0_ClearSunset_low_": 14,
    "10_t2-7_1_c_r_f_1_0_CloudySunset_mid_": 14,
    "10_t2-7_1_c_r_f_1_0_MidRainSunset_low_": 14,
    "10_t2-7_1_c_r_f_1_0_MidRainyNoon_high_": 14,
    "10_t2-7_1_p_c_r_1_0_CloudyNoon_mid_": 35,
    "10_t2-7_1_p_c_r_1_0_MidRainyNoon_mid_": 35,
    "10_t2-7_1_p_c_r_1_0_WetSunset_low_": 35,
    "10_t2-7_1_p_c_r_1_0_WetSunset_mid_": 35,
    "10_t2-7_1_t_r_r_1_0_ClearSunset_mid_": 19,
    "10_t2-7_1_t_r_r_1_0_CloudyNoon_mid_": 19,
    "10_t2-7_1_t_r_r_1_0_HardRainNoon_high_": 19,
    "10_t2-7_1_t_r_r_1_0_HardRainNoon_mid_": 19,
    "10_t2-7_1_t_r_r_1_0_HardRainSunset_low_": 19,
    "10_t2-7_1_t_r_r_1_0_HardRainSunset_mid_": 19,
    "10_t2-7_1_t_r_r_1_0_MidRainyNoon_low_": 19,
    "10_t3-1_1_c_l_l_1_0_CloudySunset_low_": 51,
    "10_t3-1_1_c_l_l_1_0_HardRainSunset_low_": 51,
    "10_t3-1_1_c_l_l_1_0_MidRainyNoon_low_": 50,
    "10_t3-1_1_p_c_l_1_0_CloudySunset_high_": 103,
    "10_t3-1_1_p_c_l_1_0_CloudySunset_low_": 103,
    "10_t3-1_1_p_c_l_1_0_HardRainNoon_mid_": 103,
    "10_t3-1_1_t_r_l_1_0_CloudyNoon_mid_": 44,
    "10_t3-1_1_t_r_l_1_0_CloudySunset_low_": 46,
    "10_t3-1_1_t_r_l_1_0_CloudySunset_mid_": 46,
    "10_t3-1_1_t_r_l_1_0_MidRainSunset_low_": 45,
    "10_t3-2_0_c_r_l_1_s_ClearSunset_low_": 36,
    "10_t3-2_0_c_r_l_1_s_CloudySunset_mid_": 34,
    "10_t3-2_0_c_r_l_1_s_HardRainSunset_low_": 36,
    "10_t3-2_0_c_r_l_1_s_HardRainSunset_mid_": 35,
    "10_t3-2_0_c_r_l_1_s_MidRainyNoon_low_": 34,
    "10_t3-3_0_c_r_f_1_0_ClearSunset_high_": 127,
    "10_t3-3_0_c_r_f_1_0_ClearSunset_mid_": 138,
    "10_t3-3_0_c_r_f_1_0_HardRainSunset_high_": 127,
    "10_t3-3_0_c_r_f_1_0_HardRainSunset_mid_": 126,
    "10_t3-3_0_c_r_f_1_0_MidRainSunset_low_": 127,
    "10_t3-3_0_c_r_f_1_0_MidRainyNoon_high_": 129,
    "10_t3-3_0_c_r_f_1_0_MidRainyNoon_low_": 127,
    "10_t3-3_0_c_r_f_1_0_MidRainyNoon_mid_": 126,
    "10_t3-3_0_c_r_f_1_0_WetNoon_high_": 138,
    "10_t3-3_0_c_r_f_1_0_WetSunset_low_": 127,
    "10_t3-6_1_b_f_l_1_0_CloudySunset_mid_": 92,
    "10_t3-6_1_b_f_l_1_0_WetNoon_mid_": 98,
    "10_t3-6_1_b_f_l_1_0_WetSunset_low_": 92,
    "10_t3-6_1_b_l_l_1_0_CloudySunset_low_": 21,
    "10_t3-6_1_b_u_l_1_rl_CloudySunset_mid_": 64,
    "10_t3-6_1_b_u_l_1_rl_MidRainSunset_high_": 62,
    "10_t3-6_1_b_u_l_1_rl_MidRainSunset_low_": 59,
    "10_t3-6_1_b_u_l_1_rl_MidRainSunset_mid_": 58,
    "10_t3-6_1_b_u_l_1_rl_MidRainyNoon_mid_": 63,
    "10_t3-6_1_b_u_l_1_rl_WetSunset_low_": 62,
    "10_t3-6_1_p_j_f_1_j_MidRainSunset_high_": 82,
    "10_t3-6_1_p_j_f_1_j_MidRainyNoon_high_": 82,
    "10_t3-6_1_p_j_f_1_j_MidRainyNoon_low_": 82,
    "10_t3-6_1_p_j_f_1_j_WetNoon_high_": 82,
    "10_t3-6_1_p_j_f_1_j_WetSunset_high_": 82,
    "10_t3-7_1_c_f_l_1_0_ClearSunset_mid_": 37,
    "10_t3-7_1_c_f_l_1_0_CloudySunset_high_": 37,
    "10_t3-7_1_c_f_l_1_0_HardRainNoon_high_": 37,
    "10_t3-7_1_c_f_l_1_0_HardRainSunset_high_": 37,
    "10_t3-7_1_c_f_l_1_0_HardRainSunset_low_": 37,
    "10_t3-7_1_c_f_l_1_0_HardRainSunset_mid_": 37,
    "10_t3-7_1_c_f_l_1_0_MidRainyNoon_low_": 37,
    "10_t3-7_1_c_f_l_1_0_MidRainyNoon_mid_": 37,
    "10_t3-7_1_c_f_l_1_0_WetSunset_low_": 37,
    "10_t3-7_1_c_f_l_1_0_1_ClearSunset_mid_": 34,
    "10_t3-7_1_c_f_l_1_0_1_CloudySunset_low_": 34,
    "10_t3-7_1_c_f_l_1_0_1_HardRainNoon_high_": 34,
    "10_t3-7_1_c_f_l_1_0_1_HardRainSunset_high_": 34,
    "10_t3-7_1_c_f_l_1_0_1_HardRainSunset_mid_": 34,
    "10_t3-7_1_c_f_l_1_0_1_MidRainSunset_low_": 34,
    "10_t3-7_1_c_f_l_1_0_1_MidRainyNoon_mid_": 34,
    "10_t3-7_1_c_f_l_1_0_1_WetNoon_high_": 34,
    "10_t3-7_1_c_f_l_1_0_1_WetNoon_mid_": 34,
    "10_t3-7_1_c_f_l_1_0_1_WetSunset_high_": 34,
    "10_t3-7_1_t_f_u_1_0_ClearSunset_mid_": 63,
    "10_t3-7_1_t_f_u_1_0_CloudyNoon_high_": 63,
    "10_t3-7_1_t_f_u_1_0_CloudySunset_low_": 63,
    "10_t3-7_1_t_f_u_1_0_HardRainNoon_mid_": 63,
    "10_t3-7_1_t_f_u_1_0_HardRainSunset_mid_": 63,
    "10_t3-7_1_t_f_u_1_0_MidRainSunset_low_": 62,
    "10_t3-7_1_t_f_u_1_0_MidRainyNoon_high_": 63,
    "10_t3-7_1_t_f_u_1_0_MidRainyNoon_low_": 62,
    "10_t3-7_1_t_u_f_1_0_CloudySunset_low_": 41,
    "10_t3-7_1_t_u_f_1_0_HardRainNoon_high_": 42,
    "10_t3-7_1_t_u_f_1_0_MidRainSunset_low_": 41,
    "10_t3-7_1_t_u_f_1_0_MidRainSunset_mid_": 41,
    "10_t3-7_1_t_u_f_1_0_MidRainyNoon_low_": 41,
    "10_t3-7_1_t_u_f_1_0_MidRainyNoon_mid_": 42,
    "10_t3-7_1_t_u_f_1_0_WetNoon_high_": 42,
    "1_s-4_0_m_l_f_1_s_CloudySunset_low_": 49,
    "1_s-4_0_m_l_f_1_s_HardRainNoon_high_": 49,
    "1_s-4_0_m_l_f_1_s_HardRainSunset_low_": 49,
    "1_s-4_0_m_l_f_1_s_MidRainSunset_mid_": 49,
    "1_s-6_0_p_j_f_1_j_ClearSunset_low_": 41,
    "1_s-6_0_p_j_f_1_j_HardRainSunset_low_": 41,
    "1_s-6_0_p_j_f_1_j_MidRainSunset_high_": 41,
    "1_s-6_0_p_j_f_1_j_MidRainSunset_mid_": 41,
    "1_s-6_0_p_j_f_1_j_WetSunset_high_": 41,
    "1_s-6_0_p_j_f_1_j_WetSunset_mid_": 41,
    "1_t1-11_1_m_u_r_1_0_3_ClearSunset_low_": 47,
    "1_t1-11_1_m_u_r_1_0_3_CloudyNoon_high_": 47,
    "1_t1-11_1_m_u_r_1_0_3_CloudySunset_mid_": 47,
    "1_t1-11_1_m_u_r_1_0_3_HardRainSunset_low_": 47,
    "1_t1-11_1_m_u_r_1_0_3_MidRainyNoon_high_": 47,
    "1_t1-12_1_m_u_r_1_0_2_ClearSunset_mid_": 49,
    "1_t1-12_1_m_u_r_1_0_2_CloudyNoon_mid_": 50,
    "1_t1-12_1_m_u_r_1_0_2_CloudySunset_high_": 49,
    "1_t1-12_1_m_u_r_1_0_2_CloudySunset_low_": 50,
    "1_t1-12_1_m_u_r_1_0_2_HardRainSunset_mid_": 49,
    "1_t1-12_1_m_u_r_1_0_2_MidRainSunset_high_": 50,
    "1_t1-12_1_m_u_r_1_0_2_MidRainSunset_low_": 50,
    "1_t1-12_1_m_u_r_1_0_2_MidRainyNoon_high_": 49,
    "1_t1-12_1_m_u_r_1_0_2_MidRainyNoon_low_": 50,
    "1_t1-12_1_m_u_r_1_0_2_MidRainyNoon_mid_": 50,
    "1_t1-3_1_m_f_r_1_rl_ClearSunset_high_": 35,
    "1_t1-3_1_m_f_r_1_rl_ClearSunset_mid_": 35,
    "1_t1-3_1_m_f_r_1_rl_CloudySunset_low_": 36,
    "1_t1-3_1_m_f_r_1_rl_HardRainNoon_high_": 35,
    "1_t1-3_1_m_f_r_1_rl_HardRainNoon_mid_": 35,
    "1_t1-3_1_m_f_r_1_rl_HardRainSunset_low_": 35,
    "1_t1-3_1_m_f_r_1_rl_HardRainSunset_mid_": 35,
    "1_t1-3_1_m_f_r_1_rl_MidRainSunset_high_": 35,
    "1_t1-3_1_m_f_r_1_rl_MidRainyNoon_low_": 35,
    "1_t1-3_1_p_c_r_1_0_CloudySunset_mid_": 62,
    "1_t1-3_1_p_c_r_1_0_HardRainNoon_mid_": 63,
    "1_t1-3_1_p_c_r_1_0_HardRainSunset_low_": 62,
    "1_t1-3_1_p_c_r_1_0_MidRainSunset_high_": 63,
    "1_t1-3_1_p_c_r_1_0_MidRainSunset_mid_": 63,
    "1_t1-3_1_p_c_r_1_0_MidRainyNoon_high_": 62,
    "1_t1-3_1_p_c_r_1_0_WetNoon_mid_": 63,
    "1_t1-3_1_p_c_r_1_0_WetSunset_low_": 65,
    "1_t1-4_1_p_c_r_1_0_CloudySunset_high_": 64,
    "1_t1-4_1_p_c_r_1_0_CloudySunset_low_": 64,
    "1_t1-4_1_p_c_r_1_0_CloudySunset_mid_": 64,
    "1_t1-4_1_p_c_r_1_0_HardRainNoon_mid_": 64,
    "1_t1-4_1_p_c_r_1_0_HardRainSunset_high_": 64,
    "1_t1-4_1_p_c_r_1_0_MidRainyNoon_high_": 64,
    "1_t1-4_1_p_c_r_1_0_WetNoon_mid_": 64,
    "1_t1-9_1_p_j_r_1_j_ClearSunset_high_": 33,
    "1_t1-9_1_p_j_r_1_j_ClearSunset_mid_": 33,
    "1_t1-9_1_p_j_r_1_j_CloudySunset_low_": 33,
    "1_t1-9_1_p_j_r_1_j_HardRainNoon_high_": 33,
    "1_t1-9_1_p_j_r_1_j_HardRainSunset_mid_": 33,
    "1_t1-9_1_p_j_r_1_j_MidRainSunset_low_": 33,
    "1_t1-9_1_p_j_r_1_j_MidRainyNoon_low_": 33,
    "1_t1-9_1_p_j_r_1_j_MidRainyNoon_mid_": 33,
    "1_t2-10_1_m_u_f_1_0_ClearSunset_low_": 30,
    "1_t2-10_1_m_u_f_1_0_CloudySunset_mid_": 30,
    "1_t2-10_1_m_u_f_1_0_HardRainNoon_mid_": 30,
    "1_t2-10_1_m_u_f_1_0_HardRainSunset_mid_": 30,
    "1_t2-10_1_m_u_f_1_0_MidRainSunset_low_": 30,
    "1_t2-10_1_m_u_f_1_0_MidRainyNoon_high_": 30,
    "1_t2-13_1_m_u_r_1_0_ClearSunset_low_": 65,
    "1_t2-13_1_m_u_r_1_0_HardRainNoon_high_": 65,
    "1_t2-13_1_m_u_r_1_0_MidRainSunset_high_": 65,
    "1_t2-13_1_m_u_r_1_0_MidRainSunset_low_": 64,
    "1_t2-13_1_m_u_r_1_0_MidRainSunset_mid_": 65,
    "1_t2-13_1_m_u_r_1_0_MidRainyNoon_mid_": 65,
    "1_t2-13_1_m_u_r_1_0_WetSunset_high_": 65,
    "1_t2-13_1_m_u_r_1_0_WetSunset_mid_": 64,
    "1_t2-14_1_c_l_f_1_rl_ClearSunset_low_": 42,
    "1_t2-14_1_c_l_f_1_rl_HardRainSunset_low_": 42,
    "1_t2-14_1_c_l_f_1_rl_HardRainSunset_mid_": 42,
    "1_t2-14_1_c_l_f_1_rl_MidRainyNoon_high_": 42,
    "1_t2-2_1_t_u_r_1_0_ClearSunset_low_": 80,
    "1_t2-2_1_t_u_r_1_0_ClearSunset_mid_": 80,
    "1_t2-2_1_t_u_r_1_0_CloudyNoon_mid_": 80,
    "1_t2-2_1_t_u_r_1_0_MidRainSunset_high_": 80,
    "1_t2-2_1_t_u_r_1_0_MidRainSunset_low_": 80,
    "1_t2-2_1_t_u_r_1_0_MidRainSunset_mid_": 80,
    "1_t2-2_1_t_u_r_1_0_MidRainyNoon_high_": 80,
    "1_t2-2_1_t_u_r_1_0_MidRainyNoon_mid_": 80,
    "1_t2-2_1_t_u_r_1_0_WetNoon_high_": 79,
    "1_t2-2_1_t_u_r_1_0_WetSunset_high_": 80,
    "1_t2-2_1_t_u_r_1_rl_HardRainSunset_low_": 84,
    "1_t2-2_1_t_u_r_1_rl_WetSunset_high_": 78,
    "1_t2-2_1_t_u_r_1_rl_WetSunset_mid_": 80,
    "1_t3-10_1_p_c_l_1_0_CloudySunset_mid_": 101,
    "1_t3-10_1_p_c_l_1_0_HardRainSunset_low_": 101,
    "1_t3-10_1_p_c_l_1_0_MidRainyNoon_high_": 101,
    "1_t3-10_1_p_c_l_1_0_MidRainyNoon_low_": 101,
    "1_t3-10_1_p_c_l_1_0_MidRainyNoon_mid_": 101,
    "1_t3-10_1_p_c_l_1_0_WetSunset_high_": 101,
    "1_t3-1_1_m_u_f_1_0_CloudySunset_low_": 69,
    "1_t3-1_1_m_u_f_1_0_CloudySunset_mid_": 69,
    "1_t3-1_1_m_u_f_1_0_HardRainNoon_high_": 71,
    "1_t3-1_1_m_u_f_1_0_HardRainNoon_mid_": 72,
    "1_t3-1_1_m_u_f_1_0_HardRainSunset_mid_": 76,
    "1_t3-1_1_m_u_f_1_0_MidRainSunset_high_": 69,
    "1_t3-1_1_m_u_f_1_0_MidRainSunset_low_": 72,
    "1_t3-1_1_m_u_f_1_0_WetNoon_high_": 70,
    "1_t3-1_1_m_u_f_1_0_WetSunset_high_": 76,
    "1_t3-4_1_p_c_l_1_0_CloudyNoon_high_": 44,
    "1_t3-4_1_p_c_l_1_0_CloudySunset_high_": 44,
    "1_t3-4_1_p_c_l_1_0_CloudySunset_low_": 44,
    "1_t3-4_1_p_c_l_1_0_HardRainNoon_high_": 44,
    "1_t3-4_1_p_c_l_1_0_HardRainSunset_high_": 44,
    "1_t3-4_1_p_c_l_1_0_HardRainSunset_low_": 44,
    "1_t3-4_1_p_c_l_1_0_HardRainSunset_mid_": 44,
    "1_t3-4_1_p_c_l_1_0_MidRainyNoon_low_": 44,
    "1_t3-4_1_p_c_l_1_0_MidRainyNoon_mid_": 44,
    "1_t3-4_1_p_c_l_1_0_WetSunset_mid_": 44,
    "1_t3-4_1_t_f_l_1_0_CloudyNoon_mid_": 73,
    "1_t3-4_1_t_f_l_1_0_CloudySunset_high_": 72,
    "1_t3-4_1_t_f_l_1_0_CloudySunset_low_": 67,
    "1_t3-4_1_t_f_l_1_0_HardRainNoon_mid_": 72,
    "1_t3-4_1_t_f_l_1_0_HardRainSunset_high_": 69,
    "1_t3-4_1_t_f_l_1_0_MidRainSunset_mid_": 73,
    "1_t3-4_1_t_f_l_1_0_MidRainyNoon_high_": 70,
    "1_t3-4_1_t_f_l_1_0_MidRainyNoon_low_": 71,
    "1_t3-8_1_b_f_f_1_s_CloudySunset_low_": 17,
    "1_t3-8_1_b_f_f_1_s_HardRainSunset_low_": 18,
    "1_t3-8_1_b_f_f_1_s_MidRainSunset_mid_": 18,
    "1_t3-8_1_b_f_f_1_s_MidRainyNoon_low_": 19,
    "1_t3-8_1_b_f_f_1_s_MidRainyNoon_mid_": 18,
    "1_t3-9_1_t_u_l_1_0_ClearSunset_high_": 98,
    "1_t3-9_1_t_u_l_1_0_CloudyNoon_high_": 98,
    "1_t3-9_1_t_u_l_1_0_HardRainNoon_mid_": 98,
    "1_t3-9_1_t_u_l_1_0_HardRainSunset_high_": 98,
    "1_t3-9_1_t_u_l_1_0_HardRainSunset_low_": 98,
    "1_t3-9_1_t_u_l_1_0_HardRainSunset_mid_": 98,
    "1_t3-9_1_t_u_l_1_0_MidRainyNoon_high_": 98,
    "1_t3-9_1_t_u_l_1_0_MidRainyNoon_low_": 98,
    "1_t3-9_1_t_u_l_1_0_WetSunset_low_": 98,
    "2_s-4_0_p_j_f_1_j_ClearSunset_high_": 51,
    "2_s-4_0_p_j_f_1_j_ClearSunset_low_": 51,
    "2_s-4_0_p_j_f_1_j_ClearSunset_mid_": 51,
    "2_s-4_0_p_j_f_1_j_HardRainNoon_high_": 51,
    "2_s-4_0_p_j_f_1_j_HardRainNoon_mid_": 51,
    "2_s-4_0_p_j_f_1_j_HardRainSunset_low_": 51,
    "2_s-4_0_p_j_f_1_j_MidRainSunset_high_": 51,
    "2_s-4_0_p_j_f_1_j_MidRainSunset_mid_": 51,
    "2_s-4_0_p_j_f_1_j_1_ClearSunset_high_": 57,
    "2_s-4_0_p_j_f_1_j_1_ClearSunset_low_": 57,
    "2_s-4_0_p_j_f_1_j_1_ClearSunset_mid_": 57,
    "2_s-4_0_p_j_f_1_j_1_CloudyNoon_mid_": 57,
    "2_s-4_0_p_j_f_1_j_1_HardRainNoon_high_": 57,
    "2_s-4_0_p_j_f_1_j_1_HardRainSunset_mid_": 57,
    "2_s-4_0_p_j_f_1_j_1_MidRainSunset_high_": 57,
    "2_s-4_0_p_j_f_1_j_1_MidRainSunset_low_": 57,
    "2_s-4_0_p_j_f_1_j_1_MidRainyNoon_mid_": 57,
    "2_s-4_0_p_j_f_1_j_1_WetNoon_high_": 57,
    "2_s-4_0_p_j_f_1_j_3_ClearSunset_mid_": 114,
    "2_s-4_0_p_j_f_1_j_3_CloudyNoon_high_": 103,
    "2_s-4_0_p_j_f_1_j_3_CloudySunset_low_": 103,
    "2_s-4_0_p_j_f_1_j_3_HardRainSunset_mid_": 103,
    "2_s-4_0_p_j_f_1_j_3_MidRainSunset_high_": 103,
    "2_s-4_0_p_j_f_1_j_3_MidRainSunset_low_": 103,
    "2_s-4_0_p_j_f_1_j_3_MidRainyNoon_high_": 103,
    "2_s-4_0_p_j_f_1_j_3_MidRainyNoon_low_": 103,
    "2_s-4_0_p_j_f_1_j_3_MidRainyNoon_mid_": 103,
    "2_s-4_0_p_j_f_1_j_3_WetSunset_high_": 103,
    "2_t1-1_1_m_r_l_1_0_CloudySunset_mid_": 9,
    "2_t1-1_1_m_r_l_1_0_HardRainSunset_mid_": 10,
    "2_t1-1_1_m_r_l_1_0_MidRainSunset_low_": 10,
    "2_t1-1_1_m_r_l_1_0_MidRainyNoon_high_": 10,
    "2_t1-2_1_m_l_l_1_0_HardRainNoon_high_": 1,
    "2_t1-3_1_m_r_r_1_0_CloudySunset_low_": 1,
    "2_t1-3_1_m_r_r_1_0_HardRainNoon_high_": 1,
    "2_t1-3_1_m_r_r_1_0_HardRainNoon_mid_": 1,
    "2_t1-3_1_m_r_r_1_0_HardRainSunset_high_": 1,
    "2_t1-3_1_m_r_r_1_0_MidRainSunset_low_": 1,
    "2_t1-3_1_m_r_r_1_0_MidRainSunset_mid_": 1,
    "2_t1-3_1_m_r_r_1_0_WetNoon_high_": 1,
    "2_t1-3_1_m_r_r_1_0_WetNoon_mid_": 1,
    "2_t1-3_1_m_r_r_1_0_WetSunset_mid_": 1,
    "2_t1-5_1_p_c_l_1_0_ClearSunset_low_": 59,
    "2_t1-5_1_p_c_l_1_0_ClearSunset_mid_": 59,
    "2_t1-5_1_p_c_l_1_0_CloudySunset_high_": 59,
    "2_t1-5_1_p_c_l_1_0_HardRainNoon_mid_": 59,
    "2_t1-5_1_p_c_l_1_0_HardRainSunset_low_": 59,
    "2_t1-5_1_p_c_l_1_0_MidRainSunset_mid_": 59,
    "2_t1-5_1_p_c_l_1_0_MidRainyNoon_high_": 59,
    "2_t1-6_1_m_r_r_1_0_ClearSunset_low_": 9,
    "2_t1-6_1_m_r_r_1_0_CloudyNoon_high_": 1,
    "2_t1-6_1_m_r_r_1_0_CloudyNoon_mid_": 9,
    "2_t1-6_1_m_r_r_1_0_HardRainNoon_mid_": 4,
    "2_t1-6_1_m_r_r_1_0_MidRainSunset_high_": 2,
    "2_t1-6_1_m_r_r_1_0_MidRainSunset_mid_": 7,
    "2_t1-6_1_m_r_r_1_0_MidRainyNoon_low_": 7,
    "2_t1-6_1_m_r_r_1_0_WetSunset_high_": 2,
    "2_t1-6_1_p_c_l_1_0_CloudyNoon_high_": 12,
    "2_t1-6_1_p_c_l_1_0_CloudySunset_high_": 12,
    "2_t1-6_1_p_c_l_1_0_CloudySunset_low_": 12,
    "2_t1-6_1_p_c_l_1_0_HardRainSunset_high_": 12,
    "2_t1-6_1_p_c_l_1_0_HardRainSunset_mid_": 12,
    "2_t1-6_1_p_c_l_1_0_MidRainSunset_low_": 12,
    "2_t1-6_1_p_c_l_1_0_MidRainyNoon_high_": 12,
    "2_t1-6_1_p_c_l_1_0_MidRainyNoon_low_": 12,
    "2_t1-6_1_p_c_l_1_0_MidRainyNoon_mid_": 12,
    "2_t1-6_1_p_c_l_1_0_WetSunset_mid_": 12,
    "2_t1-7_1_p_c_r_1_0_CloudySunset_high_": 18,
    "2_t1-7_1_p_c_r_1_0_CloudySunset_low_": 18,
    "2_t1-7_1_p_c_r_1_0_CloudySunset_mid_": 18,
    "2_t1-7_1_p_c_r_1_0_HardRainNoon_high_": 18,
    "2_t1-7_1_p_c_r_1_0_HardRainSunset_high_": 18,
    "2_t1-7_1_p_c_r_1_0_MidRainSunset_low_": 18,
    "2_t1-7_1_p_c_r_1_0_MidRainyNoon_mid_": 18,
    "2_t2-1_1_m_r_r_1_0_ClearSunset_mid_": 23,
    "2_t2-1_1_m_r_r_1_0_HardRainSunset_high_": 23,
    "2_t2-1_1_m_r_r_1_0_MidRainyNoon_low_": 23,
    "2_t2-1_1_m_r_r_1_0_2_MidRainyNoon_high_": 10,
    "2_t2-2_1_t_l_r_1_0_CloudyNoon_high_": 43,
    "2_t2-2_1_t_l_r_1_0_CloudyNoon_mid_": 45,
    "2_t2-2_1_t_l_r_1_0_CloudySunset_low_": 45,
    "2_t2-2_1_t_l_r_1_0_CloudySunset_mid_": 45,
    "2_t2-2_1_t_l_r_1_0_HardRainNoon_high_": 45,
    "2_t2-2_1_t_l_r_1_0_HardRainNoon_mid_": 45,
    "2_t2-2_1_t_l_r_1_0_HardRainSunset_low_": 43,
    "2_t2-2_1_t_l_r_1_0_HardRainSunset_mid_": 43,
    "2_t2-2_1_t_l_r_1_0_MidRainSunset_high_": 45,
    "2_t2-2_1_t_l_r_1_0_MidRainyNoon_low_": 45,
    "2_t2-2_1_t_u_r_1_0_ClearSunset_low_": 39,
    "2_t2-2_1_t_u_r_1_0_HardRainSunset_high_": 39,
    "2_t2-2_1_t_u_r_1_0_HardRainSunset_mid_": 42,
    "2_t2-2_1_t_u_r_1_0_MidRainyNoon_low_": 39,
    "2_t2-2_1_t_u_r_1_0_MidRainyNoon_mid_": 39,
    "2_t2-2_1_t_u_r_1_0_WetSunset_high_": 39,
    "2_t2-2_1_t_u_r_1_0_WetSunset_mid_": 42,
    "2_t2-3_1_p_c_f_1_0_ClearSunset_low_": 52,
    "2_t2-3_1_p_c_f_1_0_CloudySunset_high_": 52,
    "2_t2-3_1_p_c_f_1_0_CloudySunset_mid_": 52,
    "2_t2-3_1_p_c_f_1_0_HardRainNoon_high_": 52,
    "2_t2-3_1_p_c_f_1_0_HardRainSunset_low_": 52,
    "2_t2-3_1_p_c_f_1_0_HardRainSunset_mid_": 52,
    "2_t2-3_1_p_c_f_1_0_MidRainyNoon_mid_": 52,
    "2_t2-4_1_t_u_r_1_rl_ClearSunset_low_": 41,
    "2_t2-4_1_t_u_r_1_rl_ClearSunset_mid_": 41,
    "2_t2-4_1_t_u_r_1_rl_HardRainNoon_high_": 41,
    "2_t2-4_1_t_u_r_1_rl_HardRainSunset_high_": 41,
    "2_t2-4_1_t_u_r_1_rl_HardRainSunset_low_": 41,
    "2_t2-4_1_t_u_r_1_rl_MidRainSunset_mid_": 37,
    "2_t2-4_1_t_u_r_1_rl_MidRainyNoon_mid_": 41,
    "2_t2-4_1_t_u_r_1_rl_WetSunset_high_": 41,
    "2_t2-4_1_t_u_r_1_rl_1_ClearSunset_mid_": 61,
    "2_t2-4_1_t_u_r_1_rl_1_HardRainNoon_high_": 61,
    "2_t2-4_1_t_u_r_1_rl_1_HardRainSunset_low_": 59,
    "2_t2-4_1_t_u_r_1_rl_1_MidRainyNoon_mid_": 61,
    "2_t2-4_1_t_u_r_1_rl_1_WetSunset_low_": 59,
    "2_t2-5_1_m_l_r_1_0_ClearSunset_low_": 27,
    "2_t2-5_1_m_l_r_1_0_CloudySunset_mid_": 28,
    "2_t2-5_1_m_l_r_1_0_HardRainNoon_high_": 27,
    "2_t2-5_1_m_l_r_1_0_HardRainSunset_low_": 26,
    "2_t2-5_1_m_l_r_1_0_HardRainSunset_mid_": 26,
    "2_t2-5_1_m_l_r_1_0_MidRainSunset_high_": 26,
    "2_t2-5_1_m_l_r_1_0_MidRainyNoon_low_": 27,
    "2_t2-5_1_m_l_r_1_0_MidRainyNoon_mid_": 26,
    "2_t2-5_1_m_l_r_1_0_WetSunset_high_": 27,
    "2_t2-6_1_m_l_r_1_0_1_CloudySunset_high_": 38,
    "2_t2-6_1_m_l_r_1_0_1_CloudySunset_low_": 38,
    "2_t2-6_1_m_l_r_1_0_1_CloudySunset_mid_": 38,
    "2_t2-6_1_m_l_r_1_0_1_HardRainNoon_mid_": 38,
    "2_t2-6_1_m_l_r_1_0_1_HardRainSunset_low_": 39,
    "2_t2-6_1_m_l_r_1_0_1_MidRainSunset_mid_": 38,
    "2_t2-6_1_m_l_r_1_0_1_MidRainyNoon_low_": 38,
    "2_t2-6_1_t_l_r_1_0_ClearSunset_low_": 77,
    "2_t2-6_1_t_l_r_1_0_CloudySunset_mid_": 78,
    "2_t2-6_1_t_l_r_1_0_HardRainNoon_mid_": 78,
    "2_t2-6_1_t_l_r_1_0_HardRainSunset_high_": 78,
    "2_t2-6_1_t_l_r_1_0_HardRainSunset_mid_": 77,
    "2_t2-6_1_t_l_r_1_0_MidRainSunset_low_": 78,
    "2_t2-6_1_t_l_r_1_0_MidRainyNoon_low_": 78,
    "2_t2-6_1_t_l_r_1_0_WetNoon_high_": 77,
    "2_t2-6_1_t_l_r_1_0_WetSunset_high_": 78,
    "2_t3-3_1_t_u_f_1_0_ClearSunset_mid_": 57,
    "2_t3-3_1_t_u_f_1_0_CloudySunset_high_": 58,
    "2_t3-3_1_t_u_f_1_0_HardRainSunset_low_": 58,
    "2_t3-3_1_t_u_f_1_0_MidRainSunset_high_": 58,
    "2_t3-3_1_t_u_f_1_0_MidRainSunset_mid_": 57,
    "2_t3-3_1_t_u_f_1_0_MidRainyNoon_low_": 57,
    "2_t3-3_1_t_u_f_1_0_MidRainyNoon_mid_": 58,
    "2_t3-3_1_t_u_f_1_0_WetNoon_mid_": 58,
    "2_t3-3_1_t_u_f_1_0_WetSunset_low_": 58,
    "2_t3-4_1_p_c_l_1_0_CloudyNoon_mid_": 98,
    "2_t3-4_1_p_c_l_1_0_HardRainNoon_high_": 98,
    "2_t3-4_1_p_c_l_1_0_MidRainSunset_low_": 98,
    "2_t3-5_1_p_c_f_1_rl_ClearSunset_high_": 18,
    "2_t3-5_1_p_c_f_1_rl_CloudySunset_low_": 18,
    "2_t3-5_1_p_c_f_1_rl_HardRainNoon_high_": 18,
    "2_t3-5_1_p_c_f_1_rl_HardRainNoon_mid_": 18,
    "2_t3-5_1_p_c_f_1_rl_HardRainSunset_high_": 19,
    "2_t3-5_1_p_c_f_1_rl_MidRainSunset_mid_": 18,
    "2_t3-5_1_p_c_f_1_rl_MidRainyNoon_low_": 19,
    "2_t3-5_1_p_c_f_1_rl_WetSunset_mid_": 18,
    "2_t3-5_1_p_c_l_1_0_HardRainSunset_low_": 66,
    "2_t3-5_1_p_c_l_1_0_WetNoon_high_": 66,
    "2_t3-5_1_p_c_l_1_0_WetNoon_mid_": 66,
    "2_t3-6_1_m_l_l_1_0_HardRainNoon_mid_": 28,
    "2_t3-6_1_m_l_l_1_0_HardRainSunset_low_": 28,
    "2_t3-7_1_p_c_f_1_rl_CloudySunset_high_": 31,
    "2_t3-7_1_p_c_f_1_rl_HardRainNoon_mid_": 30,
    "2_t3-7_1_p_c_f_1_rl_HardRainSunset_high_": 30,
    "2_t3-7_1_p_c_f_1_rl_MidRainSunset_low_": 31,
    "2_t3-7_1_p_c_f_1_rl_MidRainSunset_mid_": 30,
    "2_t3-7_1_p_c_f_1_rl_MidRainyNoon_high_": 30,
    "2_t3-7_1_p_c_f_1_rl_MidRainyNoon_low_": 31,
    "2_t3-7_1_p_c_f_1_rl_WetNoon_mid_": 31,
    "3_i-1_1_m_f_u_1_0_ClearSunset_low_": 91,
    "3_i-1_1_m_f_u_1_0_CloudySunset_high_": 91,
    "3_i-1_1_m_f_u_1_0_HardRainNoon_high_": 91,
    "3_i-1_1_m_f_u_1_0_MidRainSunset_low_": 91,
    "3_i-1_1_m_f_u_1_0_MidRainyNoon_low_": 91,
    "3_i-1_1_m_f_u_1_0_WetSunset_mid_": 91,
    "3_i-2_1_b_l_u_1_0_ClearSunset_high_": 75,
    "3_i-2_1_b_l_u_1_0_CloudySunset_mid_": 73,
    "3_i-2_1_b_l_u_1_0_HardRainNoon_high_": 77,
    "3_i-2_1_b_l_u_1_0_HardRainNoon_mid_": 76,
    "3_i-2_1_b_l_u_1_0_HardRainSunset_low_": 79,
    "3_i-2_1_b_l_u_1_0_MidRainSunset_high_": 77,
    "3_i-2_1_b_l_u_1_0_MidRainSunset_mid_": 78,
    "3_i-2_1_b_l_u_1_rl_CloudySunset_low_": 61,
    "3_i-2_1_b_l_u_1_rl_HardRainNoon_high_": 61,
    "3_i-2_1_b_l_u_1_rl_HardRainSunset_low_": 61,
    "3_i-2_1_b_l_u_1_rl_MidRainSunset_mid_": 61,
    "3_i-2_1_b_l_u_1_rl_WetNoon_mid_": 61,
    "3_i-2_1_b_l_u_1_rl_WetSunset_high_": 61,
    "3_i-2_1_t_r_r_1_0_HardRainSunset_high_": 3,
    "3_i-2_1_t_r_r_1_0_MidRainSunset_low_": 3,
    "3_i-2_1_t_r_r_1_0_WetSunset_high_": 3,
    "3_i-2_1_t_r_r_1_0_WetSunset_mid_": 3,
    "3_i-5_1_b_f_u_1_0_ClearSunset_low_": 51,
    "3_i-5_1_b_f_u_1_0_HardRainSunset_high_": 52,
    "3_i-5_1_b_f_u_1_0_HardRainSunset_mid_": 52,
    "3_i-5_1_b_f_u_1_0_MidRainSunset_low_": 51,
    "3_i-5_1_c_l_l_1_0_ClearSunset_mid_": 11,
    "3_i-5_1_c_l_l_1_0_MidRainSunset_low_": 11,
    "3_i-5_1_c_l_l_1_0_MidRainyNoon_low_": 11,
    "3_i-5_1_c_l_l_1_0_WetNoon_mid_": 11,
    "3_i-5_1_c_l_l_1_0_WetSunset_low_": 11,
    "3_r-1_0_c_gi_gr_1_0_CloudySunset_high_": 11,
    "3_r-1_0_c_gi_gr_1_0_HardRainNoon_high_": 11,
    "3_r-1_0_c_gi_gr_1_0_HardRainNoon_mid_": 11,
    "3_r-1_0_c_gi_gr_1_0_HardRainSunset_mid_": 11,
    "3_r-1_0_c_gi_gr_1_0_MidRainSunset_high_": 12,
    "3_r-1_0_c_gi_gr_1_0_MidRainSunset_low_": 10,
    "3_r-1_0_c_gi_gr_1_0_WetNoon_high_": 11,
    "3_r-1_0_c_gi_gr_1_0_WetSunset_low_": 11,
    "3_r-1_0_c_gi_gr_1_0_WetSunset_mid_": 10,
    "3_r-1_0_c_gi_gr_1_0_1_HardRainNoon_high_": 4,
    "3_r-1_0_c_gi_gr_1_0_1_HardRainSunset_high_": 6,
    "3_r-1_0_c_gi_gr_1_0_1_MidRainSunset_low_": 2,
    "3_r-1_0_c_gi_gr_1_0_1_MidRainyNoon_low_": 4,
    "3_r-1_0_c_gi_gr_1_0_1_MidRainyNoon_mid_": 4,
    "3_r-1_0_c_gi_gr_1_0_1_WetSunset_mid_": 2,
    "3_r-1_0_c_gr_gi_1_0_CloudySunset_high_": 26,
    "3_r-1_0_c_gr_gi_1_0_CloudySunset_mid_": 29,
    "3_r-1_0_c_gr_gi_1_0_HardRainSunset_low_": 28,
    "3_r-1_0_c_gr_gi_1_0_HardRainSunset_mid_": 25,
    "3_r-1_0_c_gr_gi_1_0_MidRainSunset_high_": 27,
    "3_r-1_0_c_gr_gi_1_0_MidRainyNoon_high_": 28,
    "3_r-1_0_c_gr_gi_1_0_MidRainyNoon_low_": 26,
    "3_r-1_0_c_gr_gi_1_0_MidRainyNoon_mid_": 28,
    "3_r-1_0_c_gr_gi_1_0_WetNoon_high_": 28,
    "3_r-1_0_c_gr_gi_1_0_WetSunset_low_": 26,
    "3_r-1_0_c_gr_gi_1_0_1_CloudyNoon_mid_": 31,
    "3_r-1_0_c_gr_gi_1_0_1_CloudySunset_mid_": 31,
    "3_r-1_0_c_gr_gi_1_0_1_HardRainSunset_low_": 31,
    "3_r-1_0_c_gr_gi_1_0_1_MidRainSunset_high_": 31,
    "3_r-1_0_c_gr_gi_1_0_1_MidRainSunset_mid_": 31,
    "3_r-1_0_c_gr_gi_1_0_1_MidRainyNoon_high_": 31,
    "3_r-1_0_c_gr_gi_1_0_1_MidRainyNoon_mid_": 31,
    "3_r-1_0_c_gr_gi_1_0_1_WetSunset_low_": 31,
    "3_r-1_0_c_gr_gi_1_0_2_HardRainNoon_high_": 30,
    "3_r-1_0_c_gr_gi_1_0_2_MidRainSunset_low_": 29,
    "3_r-1_0_c_gr_gi_1_0_2_MidRainyNoon_low_": 30,
    "3_r-1_0_c_gr_gr_1_0_ClearSunset_high_": 28,
    "3_r-1_0_c_gr_gr_1_0_CloudyNoon_high_": 28,
    "3_r-1_0_c_gr_gr_1_0_CloudySunset_mid_": 28,
    "3_r-1_0_c_gr_gr_1_0_HardRainNoon_high_": 28,
    "3_r-1_0_c_gr_gr_1_0_HardRainSunset_high_": 28,
    "3_r-1_0_c_gr_gr_1_0_MidRainSunset_low_": 28,
    "3_r-1_0_c_gr_gr_1_0_MidRainSunset_mid_": 28,
    "3_r-1_0_c_gr_gr_1_0_MidRainyNoon_mid_": 28,
    "3_r-1_0_c_gr_gr_1_0_WetSunset_low_": 28,
    "3_r-1_0_c_sl_f_1_0_1_CloudySunset_high_": 20,
    "3_r-1_0_c_sl_f_1_0_1_CloudySunset_low_": 20,
    "3_r-1_0_c_sl_f_1_0_1_CloudySunset_mid_": 20,
    "3_r-1_0_c_sl_f_1_0_1_HardRainSunset_low_": 20,
    "3_r-1_0_c_sl_f_1_0_1_HardRainSunset_mid_": 20,
    "3_r-1_0_c_sl_f_1_0_1_MidRainSunset_high_": 20,
    "3_r-1_0_c_sl_f_1_0_1_MidRainyNoon_high_": 103,
    "3_r-1_0_c_sl_f_1_0_1_MidRainyNoon_low_": 20,
    "3_r-1_0_c_sl_f_1_0_1_MidRainyNoon_mid_": 20,
    "3_r-1_0_c_sr_f_1_0_ClearSunset_low_": 1,
    "3_r-1_0_c_sr_f_1_0_CloudyNoon_mid_": 1,
    "3_r-1_0_c_sr_f_1_0_HardRainSunset_low_": 1,
    "3_r-1_0_c_sr_f_1_0_MidRainSunset_mid_": 1,
    "3_r-1_0_c_sr_f_1_0_WetSunset_high_": 1,
    "3_r-1_0_p_j_gi_1_j_ClearSunset_high_": 47,
    "3_r-1_0_p_j_gi_1_j_CloudyNoon_mid_": 47,
    "3_r-1_0_p_j_gi_1_j_CloudySunset_low_": 47,
    "3_r-1_0_p_j_gi_1_j_CloudySunset_mid_": 47,
    "3_r-1_0_p_j_gi_1_j_HardRainNoon_high_": 47,
    "3_r-1_0_p_j_gi_1_j_HardRainSunset_mid_": 47,
    "3_r-1_0_p_j_gi_1_j_MidRainSunset_high_": 47,
    "3_r-1_0_p_j_gi_1_j_MidRainSunset_low_": 47,
    "3_r-1_0_p_j_gi_1_j_MidRainyNoon_mid_": 47,
    "3_r-1_0_p_j_gi_1_j_1_ClearSunset_low_": 63,
    "3_r-1_0_p_j_gi_1_j_1_MidRainyNoon_low_": 66,
    "3_r-1_0_p_j_gi_1_j_1_MidRainyNoon_mid_": 65,
    "3_r-1_0_p_j_gr_1_j_ClearSunset_high_": 70,
    "3_r-1_0_p_j_gr_1_j_ClearSunset_low_": 70,
    "3_r-1_0_p_j_gr_1_j_ClearSunset_mid_": 70,
    "3_r-1_0_p_j_gr_1_j_CloudyNoon_mid_": 70,
    "3_r-1_0_p_j_gr_1_j_MidRainSunset_mid_": 70,
    "3_r-1_0_p_j_gr_1_j_MidRainyNoon_high_": 70,
    "3_r-1_0_p_j_gr_1_j_1_CloudyNoon_mid_": 97,
    "3_r-1_0_p_j_gr_1_j_1_CloudySunset_high_": 97,
    "3_r-1_0_p_j_gr_1_j_1_CloudySunset_low_": 97,
    "3_r-1_0_p_j_gr_1_j_1_HardRainSunset_low_": 97,
    "3_r-1_0_p_j_gr_1_j_1_HardRainSunset_mid_": 97,
    "3_r-1_0_p_j_gr_1_j_1_MidRainSunset_high_": 97,
    "3_r-1_0_p_j_gr_1_j_1_MidRainyNoon_high_": 97,
    "3_r-1_0_p_j_gr_1_j_1_MidRainyNoon_low_": 97,
    "3_r-1_0_p_j_gr_1_j_1_MidRainyNoon_mid_": 97,
    "3_r-1_0_p_j_gr_1_j_1_WetSunset_mid_": 97,
    "3_r-1_0_t_er_er_1_0_CloudySunset_high_": 45,
    "3_r-1_0_t_er_er_1_0_CloudySunset_low_": 45,
    "3_r-1_0_t_er_er_1_0_CloudySunset_mid_": 45,
    "3_r-1_0_t_er_er_1_0_HardRainSunset_mid_": 45,
    "3_r-1_0_t_er_er_1_0_MidRainSunset_high_": 45,
    "3_r-1_0_t_er_er_1_0_MidRainSunset_low_": 45,
    "3_r-1_0_t_er_er_1_0_MidRainyNoon_high_": 45,
    "3_r-1_0_t_er_er_1_0_MidRainyNoon_low_": 45,
    "3_r-1_0_t_er_er_1_0_MidRainyNoon_mid_": 45,
    "3_r-1_0_t_er_er_1_0_WetNoon_high_": 45,
    "3_r-1_0_t_er_er_1_0_1_CloudySunset_low_": 58,
    "3_r-1_0_t_er_er_1_0_1_HardRainNoon_high_": 58,
    "3_r-1_0_t_er_er_1_0_1_HardRainSunset_high_": 58,
    "3_r-1_0_t_er_er_1_0_1_HardRainSunset_low_": 58,
    "3_r-1_0_t_er_er_1_0_1_MidRainSunset_mid_": 58,
    "3_r-1_0_t_er_er_1_0_1_MidRainyNoon_low_": 58,
    "3_r-1_0_t_er_er_1_0_1_MidRainyNoon_mid_": 58,
    "3_r-1_0_t_er_er_1_0_1_WetNoon_high_": 58,
    "3_r-1_0_t_er_er_1_0_1_WetSunset_high_": 58,
    "3_r-1_0_t_er_gr_1_0_ClearSunset_high_": 42,
    "3_r-1_0_t_er_gr_1_0_ClearSunset_mid_": 42,
    "3_r-1_0_t_er_gr_1_0_CloudyNoon_high_": 41,
    "3_r-1_0_t_er_gr_1_0_CloudyNoon_mid_": 42,
    "3_r-1_0_t_er_gr_1_0_HardRainNoon_high_": 42,
    "3_r-1_0_t_er_gr_1_0_HardRainNoon_mid_": 42,
    "3_r-1_0_t_er_gr_1_0_HardRainSunset_mid_": 42,
    "3_r-1_0_t_er_gr_1_0_MidRainSunset_high_": 42,
    "3_r-1_0_t_er_gr_1_0_MidRainSunset_low_": 42,
    "3_r-1_0_t_er_gr_1_0_MidRainyNoon_low_": 42,
    "3_r-1_0_t_er_gr_1_0_WetSunset_low_": 42,
    "3_r-1_0_t_gi_gr_1_0_CloudyNoon_high_": 79,
    "3_r-1_0_t_gi_gr_1_0_CloudySunset_low_": 79,
    "3_r-1_0_t_gi_gr_1_0_CloudySunset_mid_": 80,
    "3_r-1_0_t_gi_gr_1_0_HardRainNoon_high_": 80,
    "3_r-1_0_t_gi_gr_1_0_HardRainSunset_low_": 79,
    "3_r-1_0_t_gi_gr_1_0_MidRainSunset_high_": 79,
    "3_r-1_0_t_gi_gr_1_0_MidRainSunset_mid_": 79,
    "3_r-1_0_t_gi_gr_1_0_MidRainyNoon_mid_": 79,
    "3_r-1_0_t_gi_gr_1_0_WetSunset_high_": 80,
    "3_r-1_0_t_gr_er_1_0_CloudySunset_high_": 36,
    "3_r-1_0_t_gr_er_1_0_CloudySunset_low_": 38,
    "3_r-1_0_t_gr_er_1_0_MidRainyNoon_high_": 38,
    "3_r-1_0_t_gr_gi_1_0_ClearSunset_high_": 70,
    "3_r-1_0_t_gr_gi_1_0_CloudyNoon_high_": 71,
    "3_r-1_0_t_gr_gi_1_0_CloudyNoon_mid_": 71,
    "3_r-1_0_t_gr_gi_1_0_CloudySunset_low_": 72,
    "3_r-1_0_t_gr_gi_1_0_CloudySunset_mid_": 70,
    "3_r-1_0_t_gr_gi_1_0_HardRainNoon_high_": 71,
    "3_r-1_0_t_gr_gi_1_0_HardRainSunset_low_": 71,
    "3_r-1_0_t_gr_gi_1_0_MidRainSunset_high_": 70,
    "3_r-1_0_t_gr_gi_1_0_MidRainSunset_mid_": 71,
    "3_r-1_0_t_gr_gi_1_0_MidRainyNoon_mid_": 71,
    "3_r-1_0_t_gr_gi_1_0_1_CloudySunset_low_": 51,
    "3_r-1_0_t_gr_gi_1_0_1_HardRainNoon_mid_": 58,
    "3_r-1_0_t_gr_gi_1_0_1_HardRainSunset_mid_": 55,
    "3_r-1_0_t_gr_gi_1_0_1_MidRainSunset_high_": 56,
    "3_r-1_0_t_gr_gi_1_0_1_MidRainSunset_low_": 51,
    "3_r-1_0_t_gr_gi_1_0_1_MidRainyNoon_high_": 57,
    "3_r-1_0_t_gr_gi_1_0_1_MidRainyNoon_low_": 56,
    "3_r-1_0_t_gr_gi_1_0_1_WetNoon_high_": 57,
    "3_r-1_0_t_gr_gi_1_0_1_WetNoon_mid_": 56,
    "3_r-1_0_t_gr_gr_1_0_ClearSunset_low_": 77,
    "3_r-1_0_t_gr_gr_1_0_CloudyNoon_mid_": 77,
    "3_r-1_0_t_gr_gr_1_0_CloudySunset_high_": 77,
    "3_r-1_0_t_gr_gr_1_0_HardRainNoon_mid_": 77,
    "3_r-1_0_t_gr_gr_1_0_HardRainSunset_low_": 77,
    "3_r-1_0_t_gr_gr_1_0_HardRainSunset_mid_": 77,
    "3_r-1_0_t_gr_gr_1_0_MidRainSunset_high_": 77,
    "3_r-1_0_t_gr_gr_1_0_MidRainyNoon_high_": 77,
    "3_r-1_0_t_gr_gr_1_0_WetNoon_high_": 77,
    "3_r-1_0_t_gr_gr_1_0_WetSunset_mid_": 77,
    "3_r-1_0_t_gr_gr_1_0_1_HardRainNoon_high_": 12,
    "3_r-1_0_t_gr_gr_1_0_1_HardRainNoon_mid_": 12,
    "3_r-1_0_t_gr_gr_1_0_1_HardRainSunset_high_": 12,
    "3_r-1_0_t_gr_gr_1_0_1_HardRainSunset_low_": 12,
    "3_r-1_0_t_gr_gr_1_0_1_MidRainSunset_mid_": 12,
    "3_r-1_0_t_gr_gr_1_0_1_WetSunset_high_": 12,
    "3_r-1_0_t_gr_gr_1_0_1_WetSunset_low_": 12,
    "3_r-1_0_t_gr_gr_1_0_2_ClearSunset_low_": 59,
    "3_r-1_0_t_gr_gr_1_0_2_ClearSunset_mid_": 61,
    "3_r-1_0_t_gr_gr_1_0_2_CloudyNoon_high_": 60,
    "3_r-1_0_t_gr_gr_1_0_2_CloudySunset_high_": 62,
    "3_r-1_0_t_gr_gr_1_0_2_HardRainNoon_mid_": 59,
    "3_r-1_0_t_gr_gr_1_0_2_HardRainSunset_high_": 59,
    "3_r-1_0_t_gr_gr_1_0_2_MidRainSunset_low_": 58,
    "3_r-1_0_t_gr_gr_1_0_2_MidRainSunset_mid_": 62,
    "3_r-1_0_t_gr_gr_1_0_2_MidRainyNoon_high_": 58,
    "3_r-1_0_t_gr_gr_1_0_2_WetNoon_mid_": 61,
    "3_s-5_0_c_sl_sr_0_0_1_ClearSunset_mid_": 28,
    "3_s-5_0_c_sl_sr_0_0_1_CloudyNoon_high_": 30,
    "3_s-5_0_c_sl_sr_0_0_1_CloudySunset_high_": 30,
    "3_s-5_0_c_sl_sr_0_0_1_HardRainNoon_mid_": 27,
    "3_s-5_0_c_sl_sr_0_0_1_HardRainSunset_low_": 30,
    "3_s-5_0_c_sl_sr_0_0_1_HardRainSunset_mid_": 28,
    "3_s-5_0_c_sl_sr_0_0_1_MidRainSunset_high_": 30,
    "3_s-5_0_c_sl_sr_0_0_1_MidRainyNoon_high_": 30,
    "3_s-5_0_c_sl_sr_0_0_1_MidRainyNoon_low_": 30,
    "3_s-5_0_c_sl_sr_0_0_1_WetSunset_low_": 28,
    "3_s-5_0_c_sr_sl_0_1_CloudyNoon_high_": 20,
    "3_s-5_0_c_sr_sl_0_1_CloudyNoon_mid_": 20,
    "3_s-5_0_c_sr_sl_0_1_CloudySunset_high_": 20,
    "3_s-5_0_c_sr_sl_0_1_CloudySunset_low_": 20,
    "3_s-5_0_c_sr_sl_0_1_HardRainNoon_mid_": 20,
    "3_s-5_0_c_sr_sl_0_1_MidRainSunset_high_": 20,
    "3_s-5_0_c_sr_sl_0_1_MidRainSunset_low_": 20,
    "3_s-5_0_c_sr_sl_0_1_MidRainSunset_mid_": 20,
    "3_s-5_0_c_sr_sl_0_1_MidRainyNoon_high_": 20,
    "3_s-5_0_c_sr_sl_0_1_MidRainyNoon_low_": 20,
    "3_s-5_0_c_sr_sl_0_1_WetSunset_mid_": 20,
    "3_t1-1_0_c_sr_r_1_0_1_HardRainSunset_low_": 45,
    "3_t1-1_0_c_sr_r_1_0_1_MidRainSunset_mid_": 45,
    "3_t1-1_0_c_sr_r_1_0_1_MidRainyNoon_mid_": 45,
    "3_t1-1_0_c_sr_r_1_0_1_WetSunset_mid_": 45,
    "3_t1-2_0_m_f_l_1_0_CloudySunset_low_": 36,
    "3_t1-2_0_m_f_l_1_0_HardRainSunset_high_": 37,
    "3_t1-2_0_m_f_l_1_0_HardRainSunset_low_": 37,
    "3_t1-2_0_m_f_l_1_0_MidRainSunset_mid_": 36,
    "3_t1-2_0_m_f_l_1_0_MidRainyNoon_high_": 36,
    "3_t1-2_0_m_f_l_1_0_MidRainyNoon_mid_": 36,
    "3_t1-2_0_m_f_l_1_0_WetSunset_mid_": 36,
    "3_t2-2_0_c_f_f_1_s_ClearSunset_mid_": 20,
    "3_t2-2_0_c_f_f_1_s_CloudyNoon_mid_": 20,
    "3_t2-2_0_c_f_f_1_s_CloudySunset_low_": 20,
    "3_t2-2_0_c_f_f_1_s_HardRainNoon_mid_": 20,
    "3_t2-2_0_c_f_f_1_s_HardRainSunset_high_": 20,
    "3_t2-2_0_c_f_f_1_s_MidRainSunset_low_": 20,
    "3_t2-2_0_c_f_f_1_s_MidRainSunset_mid_": 20,
    "3_t2-2_0_c_f_f_1_s_MidRainyNoon_high_": 20,
    "3_t2-2_0_c_f_f_1_s_MidRainyNoon_low_": 20,
    "3_t2-6_0_c_r_f_1_0_ClearSunset_low_": 18,
    "3_t2-6_0_c_r_f_1_0_HardRainSunset_low_": 23,
    "3_t2-6_0_c_r_f_1_0_MidRainSunset_mid_": 23,
    "3_t2-6_0_c_r_f_1_0_1_CloudySunset_low_": 19,
    "3_t2-6_0_c_r_f_1_0_1_HardRainSunset_mid_": 19,
    "3_t2-6_0_c_r_f_1_0_1_MidRainSunset_low_": 19,
    "3_t2-7_1_p_c_f_1_rl_CloudySunset_high_": 66,
    "3_t2-7_1_p_c_f_1_rl_HardRainSunset_high_": 66,
    "3_t2-7_1_p_c_f_1_rl_HardRainSunset_low_": 66,
    "3_t2-7_1_p_c_f_1_rl_HardRainSunset_mid_": 66,
    "3_t2-7_1_p_c_f_1_rl_MidRainyNoon_high_": 66,
    "3_t2-7_1_p_c_f_1_rl_MidRainyNoon_mid_": 66,
    "3_t2-7_1_p_c_r_1_0_HardRainSunset_mid_": 60,
    "3_t2-7_1_p_c_r_1_0_MidRainyNoon_high_": 60,
    "3_t2-7_1_p_c_r_1_0_MidRainyNoon_low_": 61,
    "3_t2-7_1_p_c_r_1_0_MidRainyNoon_mid_": 60,
    "3_t2-7_1_p_c_r_1_0_WetSunset_high_": 60,
    "3_t2-7_1_p_c_r_1_0_WetSunset_low_": 60,
    "3_t2-7_1_p_c_r_1_0_WetSunset_mid_": 60,
    "3_t2-8_1_c_u_f_1_0_ClearSunset_low_": 17,
    "3_t2-8_1_c_u_f_1_0_CloudyNoon_mid_": 17,
    "3_t2-8_1_c_u_f_1_0_CloudySunset_mid_": 17,
    "3_t2-8_1_c_u_f_1_0_HardRainNoon_high_": 17,
    "3_t2-8_1_c_u_f_1_0_HardRainNoon_mid_": 17,
    "3_t2-8_1_c_u_f_1_0_HardRainSunset_high_": 17,
    "3_t2-8_1_c_u_f_1_0_HardRainSunset_low_": 17,
    "3_t2-8_1_c_u_f_1_0_HardRainSunset_mid_": 17,
    "3_t2-8_1_c_u_f_1_0_MidRainyNoon_low_": 17,
    "3_t2-8_1_c_u_f_1_0_WetSunset_high_": 17,
    "3_t2-9_1_c_f_f_1_0_ClearSunset_high_": 1,
    "3_t2-9_1_c_f_f_1_0_ClearSunset_mid_": 1,
    "3_t2-9_1_c_f_f_1_0_CloudyNoon_high_": 1,
    "3_t2-9_1_c_f_f_1_0_HardRainNoon_high_": 1,
    "3_t2-9_1_c_f_f_1_0_HardRainNoon_mid_": 1,
    "3_t2-9_1_c_f_f_1_0_HardRainSunset_high_": 1,
    "3_t2-9_1_c_f_f_1_0_MidRainSunset_low_": 1,
    "3_t2-9_1_c_f_f_1_0_MidRainSunset_mid_": 1,
    "3_t2-9_1_c_f_f_1_0_WetNoon_mid_": 1,
    "3_t2-9_1_c_f_f_1_0_WetSunset_low_": 1,
    "3_t3-8_1_c_l_l_1_rl_MidRainSunset_low_": 44,
    "3_t3-8_1_c_u_f_1_0_ClearSunset_high_": 52,
    "3_t3-8_1_c_u_f_1_0_ClearSunset_mid_": 52,
    "3_t3-8_1_c_u_f_1_0_HardRainNoon_high_": 55,
    "3_t3-8_1_c_u_f_1_0_HardRainNoon_mid_": 52,
    "3_t3-8_1_c_u_f_1_0_HardRainSunset_high_": 52,
    "3_t3-8_1_c_u_f_1_0_HardRainSunset_low_": 52,
    "3_t3-8_1_c_u_f_1_0_HardRainSunset_mid_": 52,
    "3_t3-8_1_c_u_f_1_0_MidRainyNoon_low_": 52,
    "3_t3-8_1_c_u_f_1_0_WetNoon_high_": 52,
    "3_t3-8_1_c_u_f_1_0_WetSunset_low_": 52,
    "3_t3-8_1_c_u_l_1_0_CloudyNoon_mid_": 39,
    "3_t3-8_1_c_u_l_1_0_HardRainNoon_high_": 40,
    "3_t3-8_1_c_u_l_1_0_HardRainSunset_low_": 41,
    "3_t3-8_1_c_u_l_1_0_MidRainSunset_mid_": 41,
    "3_t3-8_1_c_u_l_1_0_1_ClearSunset_mid_": 14,
    "3_t3-8_1_c_u_l_1_0_1_CloudyNoon_high_": 14,
    "3_t3-8_1_c_u_l_1_0_1_CloudySunset_low_": 14,
    "3_t3-8_1_c_u_l_1_0_1_HardRainSunset_low_": 14,
    "3_t3-8_1_c_u_l_1_0_1_MidRainSunset_mid_": 14,
    "3_t3-9_1_c_f_u_1_0_ClearSunset_low_": 32,
    "3_t3-9_1_c_f_u_1_0_CloudyNoon_mid_": 32,
    "3_t3-9_1_c_f_u_1_0_CloudySunset_high_": 32,
    "3_t3-9_1_c_f_u_1_0_HardRainNoon_high_": 32,
    "3_t3-9_1_c_f_u_1_0_MidRainSunset_low_": 32,
    "3_t3-9_1_c_f_u_1_0_MidRainSunset_mid_": 32,
    "3_t3-9_1_c_f_u_1_0_MidRainyNoon_mid_": 32,
    "3_t3-9_1_c_f_u_1_0_WetSunset_mid_": 32,
    "5_i-10_1_m_r_r_1_0_2_CloudyNoon_high_": 12,
    "5_i-10_1_m_r_r_1_0_2_CloudySunset_mid_": 12,
    "5_i-10_1_m_r_r_1_0_2_HardRainNoon_mid_": 12,
    "5_i-10_1_m_r_r_1_0_2_HardRainSunset_low_": 12,
    "5_i-10_1_m_r_r_1_0_2_HardRainSunset_mid_": 12,
    "5_i-10_1_m_r_r_1_0_2_MidRainSunset_high_": 12,
    "5_i-10_1_m_r_r_1_0_2_MidRainyNoon_low_": 12,
    "5_i-10_1_m_r_r_1_0_2_WetNoon_mid_": 12,
    "5_i-10_1_m_r_r_1_0_2_WetSunset_high_": 12,
    "5_i-10_1_m_r_r_1_0_2_WetSunset_low_": 12,
    "5_i-11_1_m_r_l_1_rl_CloudySunset_low_": 49,
    "5_i-11_1_m_r_l_1_rl_HardRainNoon_high_": 49,
    "5_i-11_1_m_r_l_1_rl_HardRainSunset_high_": 50,
    "5_i-11_1_m_r_l_1_rl_HardRainSunset_mid_": 49,
    "5_i-11_1_m_r_l_1_rl_MidRainSunset_low_": 50,
    "5_i-11_1_m_r_l_1_rl_MidRainyNoon_low_": 49,
    "5_i-11_1_m_r_l_1_rl_WetSunset_high_": 50,
    "5_i-11_1_m_r_l_1_rl_WetSunset_mid_": 49,
    "5_i-12_1_m_f_l_1_0_HardRainSunset_mid_": 38,
    "5_i-13_0_m_l_u_1_0_ClearSunset_high_": 63,
    "5_i-13_0_m_l_u_1_0_CloudyNoon_high_": 64,
    "5_i-13_0_m_l_u_1_0_CloudySunset_low_": 63,
    "5_i-13_0_m_l_u_1_0_HardRainSunset_low_": 63,
    "5_i-13_0_m_l_u_1_0_MidRainSunset_high_": 63,
    "5_i-13_0_m_l_u_1_0_MidRainSunset_mid_": 63,
    "5_i-13_0_m_l_u_1_0_MidRainyNoon_high_": 63,
    "5_i-13_0_m_l_u_1_0_MidRainyNoon_mid_": 63,
    "5_i-13_0_m_l_u_1_0_WetNoon_mid_": 63,
    "5_i-13_0_m_l_u_1_0_WetSunset_mid_": 60,
    "5_i-13_0_m_l_u_1_0_1_CloudySunset_low_": 29,
    "5_i-13_0_m_l_u_1_0_1_CloudySunset_mid_": 29,
    "5_i-13_0_m_l_u_1_0_1_HardRainSunset_high_": 29,
    "5_i-13_0_m_l_u_1_0_1_HardRainSunset_low_": 29,
    "5_i-13_0_m_l_u_1_0_1_HardRainSunset_mid_": 27,
    "5_i-13_0_m_l_u_1_0_1_MidRainyNoon_high_": 27,
    "5_i-13_0_m_l_u_1_0_1_MidRainyNoon_low_": 28,
    "5_i-13_0_m_l_u_1_0_1_MidRainyNoon_mid_": 29,
    "5_i-13_0_m_l_u_1_0_1_WetSunset_high_": 29,
    "5_i-13_0_m_u_l_1_0_1_ClearSunset_low_": 36,
    "5_i-13_0_m_u_l_1_0_1_ClearSunset_mid_": 36,
    "5_i-13_0_m_u_l_1_0_1_CloudyNoon_mid_": 36,
    "5_i-13_0_m_u_l_1_0_1_HardRainNoon_high_": 36,
    "5_i-13_0_m_u_l_1_0_1_HardRainNoon_mid_": 36,
    "5_i-13_0_m_u_l_1_0_1_HardRainSunset_high_": 36,
    "5_i-13_0_m_u_l_1_0_1_HardRainSunset_mid_": 36,
    "5_i-13_0_m_u_l_1_0_1_MidRainSunset_low_": 36,
    "5_i-13_0_m_u_l_1_0_1_WetNoon_high_": 36,
    "5_i-13_0_m_u_l_1_0_1_WetSunset_high_": 36,
    "5_i-1_0_b_l_f_1_0_ClearSunset_low_": 35,
    "5_i-1_0_b_l_f_1_0_CloudyNoon_high_": 35,
    "5_i-1_0_b_l_f_1_0_CloudyNoon_mid_": 35,
    "5_i-1_0_b_l_f_1_0_CloudySunset_high_": 35,
    "5_i-1_0_b_l_f_1_0_HardRainSunset_high_": 35,
    "5_i-1_0_b_l_f_1_0_HardRainSunset_low_": 35,
    "5_i-1_0_b_l_f_1_0_HardRainSunset_mid_": 35,
    "5_i-1_0_b_l_f_1_0_MidRainyNoon_mid_": 35,
    "5_i-1_0_b_l_f_1_0_WetSunset_mid_": 35,
    "5_i-1_0_t_f_l_1_0_1_HardRainNoon_high_": 21,
    "5_i-1_0_t_f_l_1_0_1_HardRainNoon_mid_": 21,
    "5_i-1_0_t_f_l_1_0_1_HardRainSunset_low_": 21,
    "5_i-1_0_t_f_l_1_0_1_HardRainSunset_mid_": 21,
    "5_i-1_0_t_f_l_1_0_1_MidRainSunset_high_": 21,
    "5_i-1_0_t_f_l_1_0_1_WetNoon_high_": 21,
    "5_i-1_0_t_f_l_1_0_1_WetNoon_mid_": 21,
    "5_i-1_0_t_f_l_1_0_1_WetSunset_high_": 21,
    "5_i-1_0_t_f_l_1_0_1_WetSunset_low_": 21,
    "5_i-1_0_t_f_l_1_0_1_WetSunset_mid_": 21,
    "5_i-2_1_m_f_u_1_0_2_ClearSunset_high_": 57,
    "5_i-2_1_m_f_u_1_0_2_HardRainNoon_mid_": 57,
    "5_i-2_1_m_f_u_1_0_2_HardRainSunset_high_": 57,
    "5_i-2_1_m_f_u_1_0_2_HardRainSunset_low_": 57,
    "5_i-2_1_m_f_u_1_0_2_MidRainyNoon_high_": 57,
    "5_i-2_1_m_f_u_1_0_2_MidRainyNoon_low_": 57,
    "5_i-2_1_m_f_u_1_0_2_WetNoon_mid_": 57,
    "5_i-2_1_m_f_u_1_0_2_WetSunset_low_": 57,
    "5_i-2_1_m_f_u_1_0_2_WetSunset_mid_": 57,
    "5_i-4_1_c_u_f_1_0_CloudySunset_low_": 53,
    "5_i-4_1_c_u_f_1_0_HardRainSunset_low_": 53,
    "5_i-4_1_c_u_f_1_0_MidRainyNoon_low_": 53,
    "5_i-4_1_m_l_l_1_0_2_CloudySunset_low_": 12,
    "5_i-4_1_m_l_l_1_0_2_HardRainSunset_low_": 16,
    "5_i-4_1_m_l_l_1_0_2_HardRainSunset_mid_": 4,
    "5_i-4_1_m_l_l_1_0_2_MidRainyNoon_low_": 11,
    "5_i-4_1_m_r_r_1_0_1_ClearSunset_mid_": 25,
    "5_i-4_1_m_r_r_1_0_1_CloudyNoon_mid_": 25,
    "5_i-4_1_m_r_r_1_0_1_HardRainNoon_high_": 25,
    "5_i-4_1_m_r_r_1_0_1_HardRainNoon_mid_": 25,
    "5_i-4_1_m_r_r_1_0_1_HardRainSunset_high_": 25,
    "5_i-4_1_m_r_r_1_0_1_HardRainSunset_low_": 25,
    "5_i-4_1_m_r_r_1_0_1_MidRainSunset_mid_": 25,
    "5_i-4_1_m_r_r_1_0_1_MidRainyNoon_low_": 25,
    "5_i-4_1_m_r_r_1_0_1_WetSunset_high_": 25,
    "5_i-4_1_m_r_r_1_0_1_WetSunset_low_": 25,
    "5_i-5_1_m_u_l_1_0_ClearSunset_high_": 32,
    "5_i-5_1_m_u_l_1_0_CloudyNoon_low_": 30,
    "5_i-5_1_m_u_l_1_0_CloudyNoon_mid_": 32,
    "5_i-5_1_m_u_l_1_0_CloudySunset_low_": 30,
    "5_i-5_1_m_u_l_1_0_HardRainNoon_high_": 30,
    "5_i-5_1_m_u_l_1_0_HardRainNoon_mid_": 32,
    "5_i-5_1_m_u_l_1_0_HardRainSunset_low_": 32,
    "5_i-5_1_m_u_l_1_0_HardRainSunset_mid_": 31,
    "5_i-5_1_m_u_l_1_0_MidRainSunset_high_": 30,
    "5_i-5_1_m_u_l_1_0_WetNoon_high_": 31,
    "5_i-5_1_m_u_l_1_0_WetSunset_mid_": 32,
    "5_i-6_1_m_f_u_1_0_1_CloudySunset_low_": 29,
    "5_i-6_1_m_f_u_1_0_1_HardRainNoon_high_": 29,
    "5_i-6_1_m_f_u_1_0_1_HardRainSunset_high_": 29,
    "5_i-6_1_m_f_u_1_0_1_HardRainSunset_low_": 29,
    "5_i-6_1_m_f_u_1_0_1_WetSunset_high_": 29,
    "5_i-8_1_b_l_r_1_0_ClearSunset_low_": 67,
    "5_i-8_1_b_l_r_1_0_CloudySunset_high_": 67,
    "5_i-8_1_b_l_r_1_0_CloudySunset_mid_": 67,
    "5_i-8_1_b_l_r_1_0_HardRainSunset_mid_": 66,
    "5_i-8_1_b_l_r_1_0_MidRainSunset_high_": 67,
    "5_i-8_1_b_l_r_1_0_MidRainSunset_low_": 67,
    "5_i-8_1_b_l_r_1_0_MidRainyNoon_high_": 67,
    "5_i-8_1_b_l_r_1_0_MidRainyNoon_mid_": 67,
    "5_i-8_1_b_l_r_1_0_WetNoon_high_": 66,
    "5_i-8_1_b_l_r_1_0_1_ClearSunset_mid_": 53,
    "5_i-8_1_b_l_r_1_0_1_HardRainNoon_mid_": 53,
    "5_i-8_1_b_l_r_1_0_1_HardRainSunset_low_": 53,
    "5_i-8_1_b_l_r_1_0_1_MidRainSunset_mid_": 53,
    "5_i-8_1_b_l_r_1_0_1_WetSunset_low_": 53,
    "5_i-8_1_m_l_u_1_0_CloudyNoon_mid_": 30,
    "5_i-8_1_m_l_u_1_0_MidRainyNoon_low_": 33,
    "5_i-8_1_m_l_u_1_0_WetSunset_low_": 33,
    "5_i-8_1_t_f_f_1_rl_MidRainSunset_high_": 40,
    "5_i-8_1_t_f_f_1_rl_MidRainyNoon_high_": 38,
    "5_i-8_1_t_f_f_1_rl_WetSunset_low_": 38,
    "5_i-8_1_t_f_f_1_rl_WetSunset_mid_": 36,
    "5_s-10_0_b_sl_f_1_0_1_ClearSunset_high_": 17,
    "5_s-10_0_b_sl_f_1_0_1_CloudySunset_mid_": 17,
    "5_s-10_0_b_sl_f_1_0_1_HardRainNoon_high_": 17,
    "5_s-10_0_b_sl_f_1_0_1_HardRainSunset_high_": 17,
    "5_s-10_0_b_sl_f_1_0_1_HardRainSunset_low_": 17,
    "5_s-10_0_b_sl_f_1_0_1_MidRainSunset_mid_": 17,
    "5_s-10_0_b_sl_f_1_0_1_MidRainyNoon_low_": 17,
    "5_s-10_0_b_sl_f_1_0_1_MidRainyNoon_mid_": 17,
    "5_s-10_0_b_sl_f_1_0_1_WetNoon_high_": 17,
    "5_s-10_0_b_sl_f_1_0_1_WetSunset_low_": 17,
    "5_s-1_0_m_sr_f_1_0_ClearSunset_high_": 66,
    "5_s-1_0_m_sr_f_1_0_HardRainNoon_high_": 66,
    "5_s-1_0_m_sr_f_1_0_HardRainNoon_mid_": 66,
    "5_s-1_0_m_sr_f_1_0_HardRainSunset_high_": 66,
    "5_s-1_0_m_sr_f_1_0_MidRainSunset_low_": 66,
    "5_s-1_0_m_sr_f_1_0_MidRainSunset_mid_": 66,
    "5_s-1_0_m_sr_f_1_0_WetSunset_low_": 66,
    "5_s-1_0_m_sr_f_1_0_WetSunset_mid_": 66,
    "5_s-2_0_m_sr_f_1_0_1_ClearSunset_high_": 54,
    "5_s-2_0_m_sr_f_1_0_1_CloudySunset_low_": 54,
    "5_s-2_0_m_sr_f_1_0_1_CloudySunset_mid_": 54,
    "5_s-2_0_m_sr_f_1_0_1_HardRainNoon_mid_": 54,
    "5_s-2_0_m_sr_f_1_0_1_HardRainSunset_mid_": 54,
    "5_s-2_0_m_sr_f_1_0_1_MidRainSunset_high_": 54,
    "5_s-2_0_m_sr_f_1_0_1_MidRainSunset_low_": 54,
    "5_s-2_0_m_sr_f_1_0_1_MidRainyNoon_high_": 54,
    "5_s-8_0_t_sl_sr_0_0_0_ClearSunset_high_": 29,
    "5_s-8_0_t_sl_sr_0_0_0_ClearSunset_low_": 29,
    "5_s-8_0_t_sl_sr_0_0_0_ClearSunset_mid_": 29,
    "5_s-8_0_t_sl_sr_0_0_0_HardRainNoon_mid_": 29,
    "5_s-8_0_t_sl_sr_0_0_0_HardRainSunset_low_": 29,
    "5_s-8_0_t_sl_sr_0_0_0_MidRainSunset_high_": 29,
    "5_s-8_0_t_sl_sr_0_0_0_MidRainSunset_mid_": 29,
    "5_s-8_0_t_sl_sr_0_0_0_MidRainyNoon_high_": 29,
    "5_s-8_0_t_sl_sr_0_0_0_MidRainyNoon_low_": 29,
    "5_s-8_0_t_sl_sr_0_0_0_WetNoon_mid_": 29,
    "5_s-9_0_b_sl_sr_1_0_ClearSunset_low_": 42,
    "5_s-9_0_b_sl_sr_1_0_ClearSunset_mid_": 41,
    "5_s-9_0_b_sl_sr_1_0_CloudySunset_high_": 41,
    "5_s-9_0_b_sl_sr_1_0_HardRainNoon_high_": 41,
    "5_s-9_0_b_sl_sr_1_0_HardRainSunset_mid_": 42,
    "5_s-9_0_b_sl_sr_1_0_MidRainSunset_high_": 41,
    "5_s-9_0_b_sl_sr_1_0_MidRainSunset_low_": 42,
    "5_s-9_0_b_sl_sr_1_0_MidRainyNoon_mid_": 43,
    "5_s-9_0_b_sl_sr_1_0_WetNoon_high_": 42,
    "5_s-9_0_b_sl_sr_1_0_2_CloudySunset_high_": 33,
    "5_s-9_0_b_sl_sr_1_0_2_CloudySunset_low_": 33,
    "5_s-9_0_b_sl_sr_1_0_2_CloudySunset_mid_": 32,
    "5_s-9_0_b_sl_sr_1_0_2_HardRainSunset_high_": 33,
    "5_s-9_0_b_sl_sr_1_0_2_HardRainSunset_low_": 33,
    "5_s-9_0_b_sl_sr_1_0_2_HardRainSunset_mid_": 33,
    "5_s-9_0_b_sl_sr_1_0_2_MidRainyNoon_high_": 32,
    "5_s-9_0_b_sl_sr_1_0_2_MidRainyNoon_mid_": 33,
    "5_s-9_0_b_sl_sr_1_0_2_WetNoon_high_": 34,
    "5_s-9_0_b_sr_sl_1_0_CloudySunset_high_": 38,
    "5_s-9_0_b_sr_sl_1_0_CloudySunset_mid_": 38,
    "5_s-9_0_b_sr_sl_1_0_HardRainSunset_high_": 38,
    "5_s-9_0_b_sr_sl_1_0_HardRainSunset_low_": 38,
    "5_s-9_0_b_sr_sl_1_0_HardRainSunset_mid_": 38,
    "5_s-9_0_b_sr_sl_1_0_MidRainyNoon_high_": 38,
    "5_s-9_0_b_sr_sl_1_0_MidRainyNoon_mid_": 38,
    "5_s-9_0_b_sr_sl_1_0_WetNoon_high_": 38,
    "5_s-9_0_b_sr_sl_1_0_WetSunset_low_": 38,
    "5_s-9_0_t_sl_sr_1_0_CloudySunset_low_": 18,
    "5_s-9_0_t_sl_sr_1_0_CloudySunset_mid_": 18,
    "5_s-9_0_t_sl_sr_1_0_HardRainNoon_mid_": 18,
    "5_s-9_0_t_sl_sr_1_0_HardRainSunset_high_": 18,
    "5_s-9_0_t_sl_sr_1_0_HardRainSunset_low_": 18,
    "5_s-9_0_t_sl_sr_1_0_MidRainSunset_mid_": 18,
    "5_s-9_0_t_sl_sr_1_0_MidRainyNoon_high_": 18,
    "5_s-9_0_t_sl_sr_1_0_WetNoon_mid_": 18,
    "5_s-9_0_t_sl_sr_1_0_WetSunset_high_": 18,
    "5_s-9_0_t_sr_sl_1_0_ClearSunset_high_": 38,
    "5_s-9_0_t_sr_sl_1_0_CloudyNoon_high_": 38,
    "5_s-9_0_t_sr_sl_1_0_CloudyNoon_mid_": 38,
    "5_s-9_0_t_sr_sl_1_0_CloudySunset_low_": 38,
    "5_s-9_0_t_sr_sl_1_0_HardRainNoon_high_": 38,
    "5_s-9_0_t_sr_sl_1_0_HardRainSunset_mid_": 38,
    "5_s-9_0_t_sr_sl_1_0_MidRainSunset_high_": 38,
    "5_s-9_0_t_sr_sl_1_0_MidRainSunset_low_": 38,
    "5_s-9_0_t_sr_sl_1_0_MidRainyNoon_mid_": 38,
    "5_s-9_0_t_sr_sl_1_0_WetSunset_mid_": 38,
    "5_t1-5_1_m_l_u_1_0_1_CloudySunset_low_": 38,
    "5_t1-5_1_m_l_u_1_0_1_HardRainNoon_high_": 39,
    "5_t1-5_1_m_l_u_1_0_1_HardRainNoon_mid_": 39,
    "5_t1-5_1_m_l_u_1_0_1_MidRainSunset_high_": 38,
    "5_t1-5_1_m_l_u_1_0_1_MidRainSunset_low_": 38,
    "5_t1-5_1_m_l_u_1_0_1_MidRainSunset_mid_": 39,
    "5_t1-5_1_m_l_u_1_0_1_MidRainyNoon_low_": 39,
    "5_t1-5_1_m_l_u_1_0_1_WetNoon_high_": 38,
    "5_t1-5_1_m_l_u_1_0_1_WetNoon_mid_": 39,
    "5_t1-5_1_m_l_u_1_0_1_WetSunset_high_": 39,
    "5_t1-5_1_m_l_u_1_0_1_WetSunset_mid_": 39,
    "5_t1-7_0_c_sr_r_1_0_ClearSunset_mid_": 49,
    "5_t1-7_0_c_sr_r_1_0_CloudySunset_high_": 41,
    "5_t1-7_0_c_sr_r_1_0_HardRainSunset_mid_": 41,
    "5_t1-7_0_c_sr_r_1_0_MidRainSunset_high_": 42,
    "5_t1-7_0_c_sr_r_1_0_MidRainSunset_low_": 42,
    "5_t1-7_0_c_sr_r_1_0_MidRainyNoon_mid_": 42,
    "5_t1-7_0_c_sr_r_1_0_WetNoon_high_": 42,
    "5_t1-7_0_c_sr_r_1_0_2_ClearSunset_high_": 23,
    "5_t1-7_0_c_sr_r_1_0_2_CloudyNoon_mid_": 23,
    "5_t1-7_0_c_sr_r_1_0_2_CloudySunset_low_": 24,
    "5_t1-7_0_c_sr_r_1_0_2_HardRainSunset_mid_": 23,
    "5_t1-7_0_c_sr_r_1_0_2_MidRainSunset_high_": 23,
    "5_t1-7_0_c_sr_r_1_0_2_MidRainyNoon_low_": 23,
    "5_t1-7_0_c_sr_r_1_0_2_WetSunset_mid_": 23,
    "5_t1-7_0_m_f_r_1_0_CloudySunset_low_": 19,
    "5_t1-7_0_m_f_r_1_0_MidRainSunset_mid_": 19,
    "5_t1-7_0_m_f_r_1_0_WetNoon_high_": 20,
    "5_t1-7_0_m_f_r_1_0_WetNoon_mid_": 20,
    "5_t1-8_1_t_sr_r_0_0_1_CloudySunset_high_": 27,
    "5_t1-8_1_t_sr_r_0_0_1_HardRainSunset_low_": 27,
    "5_t1-8_1_t_sr_r_0_0_1_HardRainSunset_mid_": 27,
    "5_t1-8_1_t_sr_r_0_0_1_MidRainSunset_high_": 27,
    "5_t1-8_1_t_sr_r_0_0_1_WetSunset_mid_": 27,
    "5_t1-8_1_t_sr_r_0_1_ClearSunset_high_": 26,
    "5_t1-8_1_t_sr_r_0_1_ClearSunset_low_": 26,
    "5_t1-8_1_t_sr_r_0_1_HardRainNoon_high_": 26,
    "5_t1-8_1_t_sr_r_0_1_HardRainSunset_mid_": 26,
    "5_t1-8_1_t_sr_r_0_1_MidRainSunset_high_": 26,
    "5_t1-8_1_t_sr_r_0_1_MidRainSunset_low_": 26,
    "5_t1-8_1_t_sr_r_0_1_MidRainyNoon_mid_": 26,
    "5_t1-8_1_t_sr_r_0_1_WetSunset_mid_": 26,
    "5_t2-2_0_m_l_f_1_0_ClearSunset_high_": 16,
    "5_t2-2_0_m_l_f_1_0_CloudyNoon_high_": 16,
    "5_t2-2_0_m_l_f_1_0_CloudySunset_mid_": 16,
    "5_t2-2_0_m_l_f_1_0_HardRainNoon_high_": 16,
    "5_t2-2_0_m_l_f_1_0_HardRainSunset_low_": 16,
    "5_t2-2_0_m_l_f_1_0_HardRainSunset_mid_": 16,
    "5_t2-2_0_m_l_f_1_0_MidRainyNoon_low_": 16,
    "5_t2-2_0_m_l_f_1_0_MidRainyNoon_mid_": 16,
    "5_t2-2_0_m_l_f_1_0_WetSunset_low_": 16,
    "5_t2-9_0_c_r_f_1_0_CloudyNoon_mid_": 27,
    "5_t2-9_0_c_r_f_1_0_MidRainSunset_high_": 26,
    "5_t2-9_0_c_r_f_1_0_MidRainSunset_low_": 28,
    "5_t2-9_0_c_r_f_1_0_MidRainyNoon_high_": 27,
    "5_t2-9_0_c_r_f_1_0_MidRainyNoon_mid_": 27,
    "5_t2-9_0_c_r_f_1_0_WetNoon_high_": 27,
    "5_t2-9_0_c_r_f_1_0_WetSunset_high_": 27,
    "5_t2-9_0_m_l_r_1_0_ClearSunset_mid_": 38,
    "5_t2-9_0_m_l_r_1_0_CloudyNoon_high_": 38,
    "5_t2-9_0_m_l_r_1_0_CloudySunset_high_": 38,
    "5_t2-9_0_m_l_r_1_0_CloudySunset_low_": 38,
    "5_t2-9_0_m_l_r_1_0_HardRainNoon_high_": 38,
    "5_t2-9_0_m_l_r_1_0_HardRainNoon_mid_": 38,
    "5_t2-9_0_m_l_r_1_0_HardRainSunset_low_": 38,
    "5_t2-9_0_m_l_r_1_0_MidRainSunset_high_": 38,
    "5_t2-9_0_m_l_r_1_0_MidRainSunset_mid_": 38,
    "5_t3-2_0_m_l_f_1_0_ClearSunset_high_": 8,
    "5_t3-2_0_m_l_f_1_0_CloudySunset_low_": 8,
    "5_t3-2_0_m_l_f_1_0_CloudySunset_mid_": 9,
    "5_t3-2_0_m_l_f_1_0_HardRainNoon_high_": 7,
    "5_t3-2_0_m_l_f_1_0_HardRainSunset_low_": 9,
    "5_t3-2_0_m_l_f_1_0_HardRainSunset_mid_": 7,
    "5_t3-2_0_m_l_f_1_0_MidRainSunset_high_": 25,
    "5_t3-2_0_m_l_f_1_0_MidRainyNoon_mid_": 8,
    "5_t3-9_0_m_u_f_1_0_ClearSunset_high_": 42,
    "5_t3-9_0_m_u_f_1_0_CloudySunset_mid_": 42,
    "5_t3-9_0_m_u_f_1_0_HardRainNoon_high_": 41,
    "5_t3-9_0_m_u_f_1_0_HardRainNoon_mid_": 42,
    "5_t3-9_0_m_u_f_1_0_HardRainSunset_mid_": 41,
    "5_t3-9_0_m_u_f_1_0_MidRainSunset_high_": 41,
    "6_i-1_1_t_f_r_1_rl_MidRainyNoon_mid_": 60,
    "6_i-2_0_b_r_f_1_s_ClearSunset_high_": 46,
    "6_i-2_0_b_r_f_1_s_ClearSunset_low_": 46,
    "6_i-2_0_b_r_f_1_s_CloudyNoon_mid_": 43,
    "6_i-2_0_b_r_f_1_s_CloudySunset_mid_": 45,
    "6_i-2_0_b_r_f_1_s_HardRainNoon_mid_": 46,
    "6_i-2_0_b_r_f_1_s_MidRainSunset_high_": 44,
    "6_i-2_0_b_r_f_1_s_MidRainSunset_low_": 46,
    "6_i-2_0_b_r_f_1_s_MidRainSunset_mid_": 46,
    "6_i-2_0_b_r_f_1_s_MidRainyNoon_high_": 46,
    "6_i-2_0_b_r_f_1_s_MidRainyNoon_low_": 46,
    "6_i-2_0_b_r_f_1_s_WetNoon_high_": 46,
    "6_i-2_0_m_r_f_1_s_ClearSunset_low_": 22,
    "6_i-2_0_m_r_f_1_s_ClearSunset_mid_": 22,
    "6_i-2_0_m_r_f_1_s_CloudyNoon_mid_": 22,
    "6_i-2_0_m_r_f_1_s_CloudySunset_high_": 22,
    "6_i-2_0_m_r_f_1_s_HardRainNoon_high_": 22,
    "6_i-2_0_m_r_f_1_s_HardRainNoon_mid_": 22,
    "6_i-2_0_m_r_f_1_s_HardRainSunset_low_": 22,
    "6_i-2_1_b_f_f_1_rl_CloudyNoon_mid_": 64,
    "6_i-2_1_b_f_f_1_rl_CloudySunset_low_": 64,
    "6_i-2_1_b_f_f_1_rl_CloudySunset_mid_": 64,
    "6_i-2_1_b_f_f_1_rl_HardRainSunset_mid_": 63,
    "6_i-2_1_b_f_f_1_rl_WetNoon_low_": 63,
    "6_i-2_1_c_sr_f_1_0_CloudyNoon_high_": 40,
    "6_i-2_1_c_sr_f_1_0_CloudyNoon_mid_": 40,
    "6_i-2_1_c_sr_f_1_0_CloudySunset_low_": 40,
    "6_i-2_1_c_sr_f_1_0_CloudySunset_mid_": 40,
    "6_i-2_1_c_sr_f_1_0_HardRainSunset_high_": 40,
    "6_i-2_1_c_sr_f_1_0_MidRainSunset_low_": 40,
    "6_i-2_1_c_sr_f_1_0_MidRainSunset_mid_": 40,
    "6_i-2_1_c_sr_f_1_0_MidRainyNoon_high_": 40,
    "6_i-2_1_c_sr_f_1_0_MidRainyNoon_low_": 40,
    "6_i-2_1_c_sr_f_1_0_MidRainyNoon_mid_": 40,
    "6_i-2_1_c_sr_f_1_0_WetSunset_high_": 40,
    "6_i-2_1_m_l_u_1_rl_ClearSunset_low_": 35,
    "6_i-2_1_m_l_u_1_rl_HardRainSunset_low_": 35,
    "6_i-2_1_m_l_u_1_rl_MidRainyNoon_low_": 35,
    "6_i-2_1_m_l_u_1_rl_MidRainyNoon_mid_": 35,
    "6_i-2_1_m_u_r_1_rl_ClearSunset_low_": 73,
    "6_i-2_1_m_u_r_1_rl_CloudySunset_high_": 73,
    "6_i-2_1_m_u_r_1_rl_HardRainSunset_low_": 73,
    "6_i-2_1_m_u_r_1_rl_MidRainyNoon_low_": 73,
    "6_i-2_1_t_f_f_1_rl_ClearSunset_low_": 55,
    "6_i-2_1_t_f_f_1_rl_CloudyNoon_high_": 56,
    "6_i-2_1_t_f_f_1_rl_CloudyNoon_low_": 54,
    "6_i-2_1_t_f_f_1_rl_HardRainSunset_high_": 54,
    "6_i-2_1_t_f_f_1_rl_HardRainSunset_low_": 57,
    "6_i-2_1_t_f_f_1_rl_HardRainSunset_mid_": 55,
    "6_i-2_1_t_f_f_1_rl_MidRainyNoon_mid_": 55,
    "6_i-2_1_t_f_f_1_rl_WetSunset_high_": 54,
    "6_i-4_1_m_f_u_1_0_ClearSunset_low_": 47,
    "6_i-4_1_m_f_u_1_0_CloudySunset_mid_": 47,
    "6_i-4_1_m_f_u_1_0_HardRainSunset_mid_": 46,
    "6_i-4_1_m_f_u_1_0_MidRainSunset_high_": 47,
    "6_i-4_1_m_f_u_1_0_MidRainSunset_low_": 47,
    "6_i-4_1_m_f_u_1_0_MidRainyNoon_high_": 47,
    "6_i-4_1_m_f_u_1_0_MidRainyNoon_mid_": 47,
    "6_i-4_1_m_f_u_1_0_WetNoon_high_": 47,
    "6_i-4_1_m_f_u_1_0_WetNoon_mid_": 47,
    "6_i-4_1_m_f_u_1_0_WetSunset_high_": 46,
    "6_i-4_1_p_c_f_1_0_CloudyNoon_high_": 75,
    "6_i-4_1_p_c_f_1_0_CloudySunset_low_": 75,
    "6_i-4_1_p_c_f_1_0_CloudySunset_mid_": 75,
    "6_i-4_1_p_c_f_1_0_HardRainNoon_mid_": 75,
    "6_i-4_1_p_c_f_1_0_HardRainSunset_low_": 75,
    "6_i-4_1_p_c_f_1_0_MidRainSunset_high_": 75,
    "6_i-4_1_p_c_f_1_0_MidRainSunset_mid_": 75,
    "6_i-4_1_p_c_f_1_0_MidRainyNoon_high_": 75,
    "6_i-4_1_p_c_f_1_0_WetNoon_mid_": 75,
    "6_i-4_1_p_c_f_1_0_WetSunset_high_": 75,
    "6_i-4_1_t_u_f_1_rl_ClearSunset_high_": 77,
    "6_i-4_1_t_u_f_1_rl_ClearSunset_low_": 76,
    "6_i-4_1_t_u_f_1_rl_HardRainNoon_mid_": 76,
    "6_i-4_1_t_u_f_1_rl_MidRainSunset_low_": 76,
    "6_i-4_1_t_u_f_1_rl_MidRainSunset_mid_": 76,
    "6_i-4_1_t_u_f_1_rl_MidRainyNoon_high_": 76,
    "6_i-4_1_t_u_f_1_rl_MidRainyNoon_low_": 76,
    "6_i-4_1_t_u_f_1_rl_WetNoon_mid_": 74,
    "6_i-4_1_t_u_f_1_rl_WetSunset_mid_": 75,
    "6_s-2_0_c_sl_f_1_0_ClearSunset_high_": 12,
    "6_s-2_0_c_sl_f_1_0_CloudySunset_low_": 13,
    "6_s-2_0_c_sl_f_1_0_HardRainSunset_low_": 13,
    "6_s-2_0_c_sl_f_1_0_HardRainSunset_mid_": 12,
    "6_s-2_0_c_sl_f_1_0_MidRainSunset_high_": 9,
    "6_s-2_0_c_sl_f_1_0_MidRainyNoon_high_": 12,
    "6_s-2_0_c_sl_f_1_0_MidRainyNoon_low_": 10,
    "6_s-2_0_c_sl_f_1_0_MidRainyNoon_mid_": 13,
    "6_s-2_0_c_sl_f_1_0_WetSunset_mid_": 13,
    "6_s-6_0_c_sl_f_1_0_ClearSunset_low_": 1,
    "6_s-6_0_c_sl_f_1_0_ClearSunset_mid_": 1,
    "6_s-6_0_c_sl_f_1_0_CloudySunset_high_": 1,
    "6_s-6_0_c_sl_f_1_0_HardRainSunset_low_": 1,
    "6_s-6_0_c_sl_f_1_0_HardRainSunset_mid_": 1,
    "6_s-6_0_c_sr_f_1_0_CloudyNoon_mid_": 20,
    "6_s-6_0_c_sr_f_1_0_CloudySunset_low_": 20,
    "6_s-6_0_c_sr_f_1_0_HardRainNoon_mid_": 20,
    "6_s-6_0_c_sr_f_1_0_MidRainSunset_low_": 20,
    "6_s-6_0_t_sl_sr_1_0_CloudyNoon_mid_": 22,
    "6_s-6_0_t_sl_sr_1_0_CloudySunset_mid_": 22,
    "6_s-6_0_t_sl_sr_1_0_HardRainNoon_high_": 22,
    "6_s-6_0_t_sl_sr_1_0_HardRainSunset_high_": 22,
    "6_s-6_0_t_sl_sr_1_0_MidRainSunset_low_": 22,
    "6_s-6_0_t_sl_sr_1_0_MidRainSunset_mid_": 22,
    "6_s-6_0_t_sl_sr_1_0_MidRainyNoon_mid_": 22,
    "6_s-6_0_t_sl_sr_1_0_WetNoon_high_": 22,
    "6_s-6_0_t_sl_sr_1_0_WetSunset_high_": 22,
    "6_s-6_0_t_sl_sr_1_0_WetSunset_low_": 21,
    "6_s-7_0_c_f_sl_1_0_CloudyNoon_high_": 44,
    "6_s-7_0_c_f_sl_1_0_CloudyNoon_mid_": 44,
    "6_s-7_0_c_f_sl_1_0_CloudySunset_low_": 44,
    "6_s-7_0_c_f_sl_1_0_CloudySunset_mid_": 44,
    "6_s-7_0_c_f_sl_1_0_HardRainNoon_high_": 44,
    "6_s-7_0_c_f_sl_1_0_HardRainNoon_mid_": 44,
    "6_s-7_0_c_f_sl_1_0_HardRainSunset_high_": 44,
    "6_s-7_0_c_f_sl_1_0_HardRainSunset_low_": 44,
    "6_s-7_0_c_f_sl_1_0_WetSunset_high_": 44,
    "6_s-7_0_c_sr_f_1_0_ClearSunset_high_": 32,
    "6_s-7_0_c_sr_f_1_0_ClearSunset_low_": 32,
    "6_s-7_0_c_sr_f_1_0_ClearSunset_mid_": 32,
    "6_s-7_0_c_sr_f_1_0_HardRainNoon_high_": 32,
    "6_s-7_0_c_sr_f_1_0_HardRainNoon_mid_": 32,
    "6_s-7_0_c_sr_f_1_0_HardRainSunset_low_": 32,
    "6_s-7_0_c_sr_f_1_0_HardRainSunset_mid_": 32,
    "6_s-7_0_c_sr_f_1_0_MidRainSunset_high_": 32,
    "7_i-1_1_b_l_l_1_0_ClearSunset_high_": 20,
    "7_i-1_1_b_l_l_1_0_CloudyNoon_high_": 20,
    "7_i-1_1_b_l_l_1_0_CloudyNoon_mid_": 20,
    "7_i-1_1_b_l_l_1_0_HardRainNoon_high_": 20,
    "7_i-1_1_b_l_l_1_0_HardRainSunset_low_": 20,
    "7_i-1_1_b_l_l_1_0_MidRainSunset_high_": 20,
    "7_i-1_1_b_l_r_1_0_ClearSunset_high_": 46,
    "7_i-1_1_b_l_r_1_0_CloudyNoon_high_": 46,
    "7_i-1_1_b_l_r_1_0_CloudySunset_low_": 46,
    "7_i-1_1_b_l_r_1_0_HardRainNoon_mid_": 46,
    "7_i-1_1_b_l_r_1_0_HardRainSunset_low_": 46,
    "7_i-1_1_b_l_r_1_0_HardRainSunset_mid_": 46,
    "7_i-1_1_b_l_r_1_0_MidRainSunset_high_": 46,
    "7_i-1_1_b_l_r_1_0_MidRainyNoon_high_": 46,
    "7_i-1_1_b_l_r_1_0_MidRainyNoon_low_": 47,
    "7_i-1_1_b_l_r_1_0_WetSunset_mid_": 46,
    "7_i-1_1_m_f_l_1_0_ClearSunset_high_": 52,
    "7_i-1_1_m_f_l_1_0_CloudyNoon_mid_": 52,
    "7_i-1_1_m_f_l_1_0_HardRainNoon_mid_": 52,
    "7_i-1_1_m_f_l_1_0_HardRainSunset_high_": 52,
    "7_i-1_1_m_f_l_1_0_HardRainSunset_low_": 52,
    "7_i-1_1_m_f_l_1_0_MidRainSunset_mid_": 52,
    "7_i-1_1_m_f_l_1_0_MidRainyNoon_high_": 52,
    "7_i-1_1_m_f_l_1_0_MidRainyNoon_low_": 52,
    "7_i-1_1_m_f_l_1_0_WetSunset_low_": 52,
    "7_i-1_1_p_c_f_1_rl_ClearSunset_high_": 62,
    "7_i-1_1_p_c_f_1_rl_CloudyNoon_mid_": 62,
    "7_i-1_1_p_c_f_1_rl_CloudySunset_mid_": 62,
    "7_i-1_1_p_c_f_1_rl_HardRainNoon_high_": 62,
    "7_i-1_1_p_c_f_1_rl_HardRainSunset_high_": 62,
    "7_i-1_1_p_c_f_1_rl_HardRainSunset_low_": 62,
    "7_i-1_1_p_c_f_1_rl_MidRainSunset_mid_": 62,
    "7_i-1_1_p_c_f_1_rl_MidRainyNoon_mid_": 62,
    "7_i-1_1_p_c_f_1_rl_WetNoon_high_": 62,
    "7_i-1_1_p_c_f_1_rl_WetSunset_low_": 62,
    "7_i-2_1_m_f_f_1_rl_ClearSunset_mid_": 43,
    "7_i-2_1_m_f_f_1_rl_CloudyNoon_mid_": 43,
    "7_i-2_1_m_f_f_1_rl_HardRainNoon_high_": 43,
    "7_i-2_1_m_f_f_1_rl_HardRainSunset_mid_": 44,
    "7_i-2_1_m_f_f_1_rl_MidRainSunset_high_": 43,
    "7_i-2_1_m_f_f_1_rl_MidRainSunset_low_": 43,
    "7_i-2_1_m_f_f_1_rl_MidRainyNoon_low_": 43,
    "7_i-2_1_m_f_f_1_rl_WetSunset_high_": 43,
    "7_i-2_1_m_r_r_1_0_CloudyNoon_high_": 18,
    "7_i-2_1_m_r_r_1_0_CloudySunset_high_": 18,
    "7_i-2_1_m_r_r_1_0_CloudySunset_low_": 19,
    "7_i-2_1_m_r_r_1_0_HardRainSunset_high_": 18,
    "7_i-2_1_m_r_r_1_0_HardRainSunset_low_": 18,
    "7_i-2_1_m_r_r_1_0_MidRainSunset_mid_": 18,
    "7_i-2_1_m_r_r_1_0_MidRainyNoon_mid_": 19,
    "7_i-2_1_m_r_r_1_0_WetNoon_mid_": 18,
    "7_i-3_0_b_r_l_1_0_CloudySunset_low_": 79,
    "7_i-3_0_b_r_l_1_0_HardRainNoon_high_": 78,
    "7_i-3_0_b_r_l_1_0_MidRainSunset_low_": 84,
    "7_r-1_0_p_j_l_1_j_CloudyNoon_mid_": 116,
    "7_r-1_0_p_j_l_1_j_CloudySunset_high_": 116,
    "7_r-1_0_p_j_l_1_j_CloudySunset_mid_": 116,
    "7_r-1_0_p_j_l_1_j_HardRainNoon_high_": 116,
    "7_r-1_0_p_j_l_1_j_HardRainNoon_mid_": 116,
    "7_r-1_0_p_j_l_1_j_HardRainSunset_high_": 116,
    "7_r-1_0_p_j_l_1_j_HardRainSunset_low_": 116,
    "7_r-1_0_p_j_l_1_j_HardRainSunset_mid_": 116,
    "7_r-1_0_p_j_l_1_j_MidRainyNoon_low_": 116,
    "7_r-1_0_p_j_l_1_j_WetSunset_low_": 116,
    "7_r-1_0_p_j_r_1_j_ClearSunset_high_": 61,
    "7_r-1_0_p_j_r_1_j_CloudySunset_low_": 61,
    "7_r-1_0_p_j_r_1_j_CloudySunset_mid_": 61,
    "7_r-1_0_p_j_r_1_j_HardRainNoon_mid_": 29,
    "7_r-1_0_p_j_r_1_j_HardRainSunset_mid_": 61,
    "7_r-1_0_p_j_r_1_j_MidRainSunset_high_": 61,
    "7_r-1_0_p_j_r_1_j_MidRainSunset_low_": 29,
    "7_r-1_0_p_j_r_1_j_MidRainyNoon_high_": 61,
    "7_r-1_0_p_j_r_1_j_WetNoon_high_": 29,
    "7_r-1_0_p_j_r_1_j_WetNoon_mid_": 29,
    "7_s-1_0_b_l_f_1_0_ClearSunset_mid_": 107,
    "7_s-1_0_b_l_f_1_0_CloudySunset_low_": 78,
    "7_s-1_0_b_l_f_1_0_HardRainNoon_high_": 78,
    "7_s-1_0_b_l_f_1_0_MidRainSunset_high_": 78,
    "7_s-1_0_b_l_f_1_0_MidRainSunset_low_": 107,
    "7_s-1_0_b_l_f_1_0_MidRainSunset_mid_": 82,
    "7_s-1_0_b_l_f_1_0_MidRainyNoon_low_": 107,
    "7_s-1_0_b_l_f_1_0_MidRainyNoon_mid_": 78,
    "7_s-1_0_b_l_f_1_0_WetSunset_high_": 107,
    "7_s-2_0_m_l_f_1_s_CloudyNoon_high_": 27,
    "7_s-2_0_m_l_f_1_s_CloudyNoon_mid_": 27,
    "7_s-2_0_m_l_f_1_s_CloudySunset_low_": 27,
    "7_s-2_0_m_l_f_1_s_CloudySunset_mid_": 29,
    "7_s-2_0_m_l_f_1_s_HardRainSunset_high_": 27,
    "7_s-2_0_m_l_f_1_s_HardRainSunset_low_": 27,
    "7_s-2_0_m_l_f_1_s_HardRainSunset_mid_": 29,
    "7_s-2_0_m_l_f_1_s_MidRainyNoon_high_": 29,
    "7_s-2_0_m_l_f_1_s_MidRainyNoon_mid_": 29,
    "7_s-3_0_m_l_f_1_0_CloudySunset_mid_": 37,
    "7_s-3_0_m_l_f_1_0_HardRainNoon_high_": 37,
    "7_s-3_0_m_l_f_1_0_HardRainNoon_mid_": 37,
    "7_s-3_0_m_l_f_1_0_HardRainSunset_low_": 37,
    "7_s-3_0_m_l_f_1_0_HardRainSunset_mid_": 37,
    "7_s-3_0_m_l_f_1_0_MidRainSunset_high_": 37,
    "7_s-3_0_m_l_f_1_0_WetNoon_high_": 37,
    "7_s-3_0_m_l_f_1_0_WetNoon_mid_": 37,
    "7_s-3_0_m_l_f_1_0_WetSunset_high_": 37,
    "7_s-3_0_m_l_f_1_0_WetSunset_low_": 37,
    "7_s-5_0_t_sl_f_1_0_ClearSunset_high_": 21,
    "7_s-5_0_t_sl_f_1_0_ClearSunset_low_": 21,
    "7_s-5_0_t_sl_f_1_0_ClearSunset_mid_": 21,
    "7_s-5_0_t_sl_f_1_0_CloudyNoon_high_": 21,
    "7_s-5_0_t_sl_f_1_0_HardRainNoon_high_": 21,
    "7_s-5_0_t_sl_f_1_0_HardRainNoon_mid_": 21,
    "7_s-5_0_t_sl_f_1_0_MidRainSunset_high_": 22,
    "7_s-5_0_t_sl_f_1_0_MidRainSunset_low_": 21,
    "7_s-5_0_t_sl_f_1_0_MidRainSunset_mid_": 21,
    "7_s-5_0_t_sl_f_1_0_MidRainyNoon_low_": 21,
    "7_t1-1_0_b_f_r_1_0_CloudySunset_high_": 124,
    "7_t1-1_0_b_f_r_1_0_MidRainSunset_low_": 122,
    "7_t1-1_0_b_f_r_1_0_MidRainyNoon_high_": 122,
    "7_t1-1_0_b_f_r_1_0_MidRainyNoon_mid_": 119,
    "7_t1-1_0_b_f_r_1_0_WetNoon_high_": 126,
    "7_t1-1_0_b_f_r_1_0_WetSunset_low_": 124,
    "7_t1-2_1_b_l_l_1_0_ClearSunset_mid_": 75,
    "7_t1-2_1_b_l_l_1_0_CloudyNoon_mid_": 75,
    "7_t1-2_1_b_l_l_1_0_CloudySunset_low_": 75,
    "7_t1-2_1_b_l_l_1_0_HardRainNoon_mid_": 75,
    "7_t1-2_1_b_l_l_1_0_HardRainSunset_high_": 75,
    "7_t1-2_1_b_l_l_1_0_MidRainSunset_low_": 75,
    "7_t1-2_1_b_l_l_1_0_MidRainSunset_mid_": 75,
    "7_t1-2_1_b_l_l_1_0_MidRainyNoon_high_": 75,
    "7_t1-2_1_b_l_l_1_0_WetSunset_high_": 75,
    "7_t1-3_0_t_f_l_1_0_HardRainNoon_mid_": 87,
    "7_t1-3_0_t_f_l_1_0_HardRainSunset_mid_": 87,
    "7_t1-3_0_t_f_l_1_0_MidRainSunset_low_": 87,
    "7_t1-3_0_t_f_l_1_0_MidRainyNoon_low_": 89,
    "7_t1-3_0_t_f_l_1_0_WetSunset_low_": 89,
    "7_t1-3_1_b_f_l_1_rl_CloudyNoon_high_": 51,
    "7_t1-3_1_b_f_l_1_rl_CloudyNoon_mid_": 52,
    "7_t1-3_1_b_f_l_1_rl_CloudySunset_low_": 51,
    "7_t1-3_1_b_f_l_1_rl_CloudySunset_mid_": 52,
    "7_t1-3_1_b_f_l_1_rl_HardRainNoon_mid_": 52,
    "7_t1-3_1_b_f_l_1_rl_HardRainSunset_high_": 52,
    "7_t1-3_1_b_f_l_1_rl_HardRainSunset_low_": 51,
    "7_t1-3_1_b_f_l_1_rl_HardRainSunset_mid_": 52,
    "7_t1-3_1_b_f_l_1_rl_MidRainyNoon_high_": 52,
    "7_t1-3_1_b_f_l_1_rl_MidRainyNoon_low_": 51,
    "7_t1-3_1_b_f_l_1_rl_WetSunset_high_": 52,
    "7_t1-4_0_t_f_r_1_0_ClearSunset_low_": 31,
    "7_t1-4_0_t_f_r_1_0_CloudyNoon_mid_": 32,
    "7_t1-4_0_t_f_r_1_0_CloudySunset_mid_": 30,
    "7_t1-4_0_t_f_r_1_0_HardRainNoon_mid_": 31,
    "7_t1-4_0_t_f_r_1_0_HardRainSunset_mid_": 32,
    "7_t1-4_0_t_f_r_1_0_MidRainSunset_high_": 32,
    "7_t1-4_0_t_f_r_1_0_MidRainSunset_low_": 32,
    "7_t1-4_0_t_f_r_1_0_MidRainyNoon_high_": 31,
    "7_t1-4_0_t_f_r_1_0_MidRainyNoon_low_": 32,
    "7_t1-4_0_t_f_r_1_0_WetSunset_high_": 32,
    "7_t2-1_0_t_l_u_1_0_CloudyNoon_high_": 52,
    "7_t2-1_0_t_l_u_1_0_CloudySunset_low_": 52,
    "7_t2-1_0_t_l_u_1_0_CloudySunset_mid_": 52,
    "7_t2-1_0_t_l_u_1_0_HardRainNoon_high_": 52,
    "7_t2-1_0_t_l_u_1_0_HardRainSunset_high_": 52,
    "7_t2-1_0_t_l_u_1_0_HardRainSunset_low_": 52,
    "7_t2-5_0_m_r_f_1_0_ClearSunset_high_": 77,
    "7_t2-5_0_m_r_f_1_0_CloudyNoon_high_": 82,
    "7_t2-5_0_m_r_f_1_0_HardRainNoon_mid_": 79,
    "7_t2-5_0_m_r_f_1_0_HardRainSunset_mid_": 78,
    "7_t2-5_0_m_r_f_1_0_MidRainSunset_high_": 80,
    "7_t2-5_0_m_r_f_1_0_MidRainSunset_low_": 79,
    "7_t2-5_0_m_r_f_1_0_MidRainyNoon_high_": 82,
    "7_t2-5_0_m_r_f_1_0_WetSunset_low_": 78,
    "7_t2-5_0_m_r_f_1_0_WetSunset_mid_": 79,
    "7_t3-3_0_t_r_l_1_0_CloudySunset_low_": 81,
    "7_t3-3_0_t_r_l_1_0_MidRainSunset_mid_": 81,
    "7_t3-3_0_t_r_l_1_0_MidRainyNoon_high_": 80,
    "7_t3-3_0_t_r_l_1_0_MidRainyNoon_mid_": 80,
    "7_t3-3_0_t_r_l_1_0_WetNoon_mid_": 80,
    "7_t3-3_0_t_r_l_1_0_WetSunset_mid_": 81,
    "7_t3-3_1_b_r_l_1_0_CloudySunset_mid_": 87,
    "7_t3-3_1_b_r_l_1_0_HardRainNoon_mid_": 88,
    "7_t3-3_1_b_r_l_1_0_HardRainSunset_high_": 86,
    "7_t3-3_1_b_r_l_1_0_HardRainSunset_low_": 86,
    "7_t3-3_1_b_r_l_1_0_MidRainSunset_mid_": 88,
    "7_t3-3_1_b_r_l_1_0_MidRainyNoon_high_": 87,
    "7_t3-3_1_b_r_l_1_0_MidRainyNoon_low_": 87,
    "7_t3-3_1_b_r_l_1_0_WetNoon_high_": 85,
    "7_t3-3_1_b_r_l_1_0_WetSunset_high_": 88,
    "7_t3-4_0_t_r_l_1_0_CloudyNoon_high_": 47,
    "7_t3-4_0_t_r_l_1_0_CloudySunset_high_": 47,
    "7_t3-4_0_t_r_l_1_0_CloudySunset_low_": 44,
    "7_t3-4_0_t_r_l_1_0_CloudySunset_mid_": 48,
    "7_t3-4_0_t_r_l_1_0_HardRainNoon_mid_": 43,
    "7_t3-4_0_t_r_l_1_0_MidRainSunset_high_": 48,
    "7_t3-4_0_t_r_l_1_0_MidRainSunset_low_": 44,
    "7_t3-4_0_t_r_l_1_0_MidRainSunset_mid_": 43,
    "7_t3-4_0_t_r_l_1_0_MidRainyNoon_high_": 44,
    "7_t3-4_0_t_r_l_1_0_MidRainyNoon_low_": 44,
    "7_t3-4_0_t_r_l_1_0_WetNoon_mid_": 45,
    "7_t3-4_0_t_u_l_1_0_CloudyNoon_high_": 40,
    "7_t3-4_0_t_u_l_1_0_CloudySunset_low_": 40,
    "7_t3-4_0_t_u_l_1_0_HardRainNoon_high_": 40,
    "7_t3-4_0_t_u_l_1_0_HardRainNoon_mid_": 39,
    "7_t3-4_0_t_u_l_1_0_MidRainSunset_high_": 40,
    "7_t3-4_0_t_u_l_1_0_MidRainSunset_low_": 40,
    "7_t3-4_0_t_u_l_1_0_WetNoon_mid_": 40,
    "7_t3-4_0_t_u_l_1_0_WetSunset_high_": 39,
    "7_t3-4_0_t_u_l_1_0_WetSunset_mid_": 39,
    "7_t3-4_0_t_u_l_1_0_1_CloudySunset_high_": 27,
    "7_t3-4_0_t_u_l_1_0_1_CloudySunset_mid_": 27,
    "7_t3-4_0_t_u_l_1_0_1_HardRainNoon_high_": 28,
    "7_t3-4_0_t_u_l_1_0_1_HardRainSunset_high_": 28,
    "7_t3-4_0_t_u_l_1_0_1_HardRainSunset_mid_": 28,
    "7_t3-4_0_t_u_l_1_0_1_MidRainSunset_low_": 27,
    "7_t3-4_0_t_u_l_1_0_1_MidRainyNoon_mid_": 27,
    "7_t3-4_0_t_u_l_1_0_1_WetSunset_low_": 28,
    "7_t3-5_0_m_l_f_1_0_ClearSunset_low_": 27,
    "7_t3-5_0_m_l_f_1_0_CloudyNoon_mid_": 28,
    "7_t3-5_0_m_l_f_1_0_CloudySunset_high_": 28,
    "7_t3-5_0_m_l_f_1_0_HardRainNoon_high_": 28,
    "7_t3-5_0_m_l_f_1_0_HardRainNoon_mid_": 28,
    "7_t3-5_0_m_l_f_1_0_HardRainSunset_high_": 28,
    "7_t3-5_0_m_l_f_1_0_MidRainSunset_low_": 28,
    "7_t3-5_0_m_l_f_1_0_MidRainSunset_mid_": 28,
    "7_t3-5_0_m_l_f_1_0_MidRainyNoon_low_": 28,
    "7_t3-5_0_m_l_f_1_0_WetNoon_high_": 28,
    "7_t3-5_0_m_l_f_1_0_WetSunset_mid_": 28,
    "A1_r-1_0_b_gi_gi_1_0_MidRainSunset_high_": 56,
    "A1_r-1_0_b_gi_gi_1_0_MidRainyNoon_high_": 56,
    "A1_r-1_0_b_gi_gi_1_0_WetSunset_mid_": 56,
    "A1_r-1_0_b_gr_gi_1_0_ClearSunset_mid_": 126,
    "A1_r-1_0_b_gr_gi_1_0_MidRainSunset_low_": 128,
    "A1_r-1_0_b_gr_gi_1_0_WetSunset_low_": 129,
    "A1_r-1_0_p_j_er_1_j_1_ClearSunset_low_": 112,
    "A1_r-1_0_p_j_er_1_j_1_CloudySunset_high_": 112,
    "A1_r-1_0_p_j_er_1_j_1_HardRainSunset_low_": 110,
    "A1_r-1_0_p_j_er_1_j_1_WetNoon_mid_": 109,
    "A1_r-1_0_p_j_er_1_j_2_ClearSunset_mid_": 51,
    "A1_r-1_0_p_j_er_1_j_2_CloudyNoon_mid_": 51,
    "A1_r-1_0_p_j_er_1_j_2_CloudySunset_high_": 51,
    "A1_r-1_0_p_j_er_1_j_2_CloudySunset_low_": 51,
    "A1_r-1_0_p_j_er_1_j_2_HardRainNoon_high_": 55,
    "A1_r-1_0_p_j_er_1_j_2_HardRainSunset_high_": 56,
    "A1_r-1_0_p_j_er_1_j_2_HardRainSunset_mid_": 51,
    "A1_r-1_0_p_j_er_1_j_2_MidRainSunset_low_": 56,
    "A1_r-1_0_p_j_er_1_j_2_MidRainyNoon_low_": 51,
    "A1_r-1_0_p_j_er_1_j_2_MidRainyNoon_mid_": 51,
    "A1_r-1_0_p_j_er_1_j_3_ClearSunset_high_": 73,
    "A1_r-1_0_p_j_er_1_j_3_CloudySunset_low_": 73,
    "A1_r-1_0_p_j_er_1_j_3_HardRainSunset_low_": 73,
    "A1_r-1_0_p_j_er_1_j_3_MidRainSunset_high_": 73,
    "A1_r-1_0_p_j_er_1_j_3_MidRainSunset_mid_": 73,
    "A1_r-1_0_p_j_er_1_j_3_MidRainyNoon_mid_": 73,
    "A1_r-1_0_p_j_er_1_j_4_HardRainNoon_mid_": 84,
    "A1_r-1_0_p_j_er_1_j_4_HardRainSunset_low_": 88,
    "A1_r-1_0_p_j_er_1_j_4_MidRainSunset_mid_": 84,
    "A1_r-1_0_p_j_er_1_j_4_MidRainyNoon_low_": 83,
    "A1_r-1_0_p_j_er_1_j_4_WetNoon_high_": 84,
    "A1_r-1_0_p_j_gi_1_j_2_CloudyNoon_mid_": 68,
    "A1_r-1_0_p_j_gi_1_j_2_CloudySunset_low_": 68,
    "A1_r-1_0_p_j_gi_1_j_2_HardRainNoon_mid_": 70,
    "A1_r-1_0_p_j_gi_1_j_2_HardRainSunset_high_": 68,
    "A1_r-1_0_p_j_gi_1_j_2_MidRainSunset_low_": 68,
    "A1_r-1_0_p_j_gi_1_j_2_WetSunset_high_": 69,
    "A1_r-1_0_p_j_gi_1_j_5_ClearSunset_low_": 78,
    "A1_r-1_0_p_j_gi_1_j_5_CloudySunset_high_": 78,
    "A1_r-1_0_p_j_gi_1_j_5_HardRainNoon_mid_": 78,
    "A1_r-1_0_p_j_gi_1_j_5_HardRainSunset_high_": 78,
    "A1_r-1_0_p_j_gi_1_j_5_HardRainSunset_low_": 78,
    "A1_r-1_0_p_j_gi_1_j_5_MidRainSunset_mid_": 78,
    "A1_r-1_0_p_j_gi_1_j_5_MidRainyNoon_high_": 78,
    "A1_r-1_0_p_j_gi_1_j_5_WetNoon_mid_": 78,
    "A1_r-1_0_p_j_gi_1_j_5_WetSunset_mid_": 78,
    "A1_r-1_0_p_j_gr_1_j_ClearSunset_high_": 138,
    "A1_r-1_0_p_j_gr_1_j_ClearSunset_low_": 139,
    "A1_r-1_0_p_j_gr_1_j_ClearSunset_mid_": 139,
    "A1_r-1_0_p_j_gr_1_j_HardRainSunset_high_": 139,
    "A1_r-1_0_p_j_gr_1_j_HardRainSunset_low_": 138,
    "A1_r-1_0_p_j_gr_1_j_HardRainSunset_mid_": 139,
    "A1_r-1_0_p_j_gr_1_j_MidRainyNoon_low_": 138,
    "A1_r-1_0_p_j_gr_1_j_WetNoon_high_": 139,
    "A1_r-1_0_p_j_gr_1_j_WetNoon_mid_": 139,
    "A1_r-1_0_p_j_gr_1_j_1_CloudySunset_low_": 121,
    "A1_r-1_0_p_j_gr_1_j_1_HardRainNoon_mid_": 121,
    "A1_r-1_0_p_j_gr_1_j_1_HardRainSunset_high_": 122,
    "A1_r-1_0_p_j_gr_1_j_1_MidRainSunset_low_": 121,
    "A1_r-1_0_p_j_gr_1_j_2_ClearSunset_low_": 110,
    "A1_r-1_0_p_j_gr_1_j_2_CloudyNoon_high_": 110,
    "A1_r-1_0_p_j_gr_1_j_2_HardRainNoon_high_": 110,
    "A1_r-1_0_p_j_gr_1_j_2_HardRainSunset_low_": 110,
    "A1_r-1_0_p_j_gr_1_j_2_MidRainSunset_high_": 110,
    "A1_r-1_0_p_j_gr_1_j_2_MidRainSunset_mid_": 110,
    "A1_r-1_0_p_j_gr_1_j_2_MidRainyNoon_mid_": 110,
    "A1_r-1_0_t_er_er_1_0_WetNoon_mid_": 15,
    "A1_r-1_0_t_gi_gi_1_0_ClearSunset_high_": 53,
    "A1_r-1_0_t_gi_gi_1_0_CloudySunset_low_": 53,
    "A1_r-1_0_t_gi_gi_1_0_HardRainSunset_high_": 53,
    "A1_r-1_0_t_gi_gi_1_0_HardRainSunset_low_": 53,
    "A1_r-1_0_t_gi_gi_1_0_HardRainSunset_mid_": 53,
    "A1_r-1_0_t_gi_gi_1_0_MidRainyNoon_high_": 53,
    "A1_r-1_0_t_gi_gi_1_0_WetSunset_mid_": 53,
    "A1_r-1_0_t_gi_gr_1_0_CloudyNoon_high_": 78,
    "A1_r-1_0_t_gi_gr_1_0_HardRainNoon_high_": 78,
    "A1_r-1_0_t_gi_gr_1_0_HardRainNoon_mid_": 78,
    "A1_r-1_0_t_gi_gr_1_0_MidRainSunset_low_": 78,
    "A1_r-1_0_t_gi_gr_1_0_WetSunset_high_": 78,
    "A1_r-1_0_t_gi_gr_1_0_WetSunset_low_": 78,
    "A1_r-1_0_t_gi_gr_1_0_WetSunset_mid_": 78,
    "A1_r-1_0_t_gr_gi_1_0_ClearSunset_low_": 81,
    "A1_r-1_0_t_gr_gi_1_0_CloudySunset_high_": 82,
    "A1_r-1_0_t_gr_gi_1_0_HardRainSunset_low_": 81,
    "A1_r-1_0_t_gr_gi_1_0_MidRainSunset_high_": 81,
    "A1_r-1_0_t_gr_gi_1_0_MidRainyNoon_high_": 81,
    "A1_r-1_0_t_gr_gi_1_0_MidRainyNoon_mid_": 81,
    "A6_r-1_0_b_er_er_1_0_MidRainSunset_low_": 71,
    "A6_r-1_0_b_er_er_1_0_WetSunset_low_": 74,
    "A6_r-1_0_b_er_er_1_0_1_CloudyNoon_mid_": 74,
    "A6_r-1_0_b_er_er_1_0_1_CloudySunset_low_": 73,
    "A6_r-1_0_b_er_er_1_0_1_HardRainNoon_high_": 74,
    "A6_r-1_0_b_er_er_1_0_1_MidRainSunset_low_": 74,
    "A6_r-1_0_b_er_er_1_0_1_MidRainyNoon_low_": 74,
    "A6_r-1_0_b_gi_gr_1_0_CloudySunset_low_": 50,
    "A6_r-1_0_b_gi_gr_1_0_HardRainSunset_low_": 50,
    "A6_r-1_0_b_gi_gr_1_0_MidRainyNoon_low_": 50,
    "A6_r-1_0_b_gi_gr_1_0_1_CloudyNoon_mid_": 77,
    "A6_r-1_0_b_gi_gr_1_0_1_CloudySunset_mid_": 78,
    "A6_r-1_0_b_gi_gr_1_0_1_HardRainNoon_mid_": 77,
    "A6_r-1_0_b_gi_gr_1_0_1_HardRainSunset_low_": 76,
    "A6_r-1_0_b_gi_gr_1_0_1_WetSunset_high_": 77,
    "A6_r-1_0_b_gi_gr_1_0_2_ClearSunset_low_": 38,
    "A6_r-1_0_b_gi_gr_1_0_2_CloudyNoon_mid_": 37,
    "A6_r-1_0_b_gi_gr_1_0_2_HardRainSunset_low_": 37,
    "A6_r-1_0_b_gi_gr_1_0_2_MidRainyNoon_high_": 38,
    "A6_r-1_0_b_gi_gr_1_0_2_WetSunset_mid_": 37,
    "A6_r-1_0_b_gr_gi_1_0_CloudyNoon_mid_": 98,
    "A6_r-1_0_b_gr_gi_1_0_MidRainSunset_low_": 98,
    "A6_r-1_0_b_gr_gi_1_0_MidRainyNoon_mid_": 98,
    "A6_r-1_0_b_gr_gr_1_0_HardRainSunset_low_": 51,
    "A6_r-1_0_m_er_er_1_0_CloudyNoon_mid_": 93,
    "A6_r-1_0_m_er_er_1_0_MidRainSunset_high_": 92,
    "A6_r-1_0_m_gi_gr_1_0_1_CloudyNoon_high_": 83,
    "A6_r-1_0_m_gi_gr_1_0_1_CloudySunset_low_": 83,
    "A6_r-1_0_m_gi_gr_1_0_1_HardRainNoon_high_": 83,
    "A6_r-1_0_m_gi_gr_1_0_1_HardRainNoon_mid_": 83,
    "A6_r-1_0_m_gi_gr_1_0_1_MidRainSunset_low_": 83,
    "A6_r-1_0_m_gi_gr_1_0_1_MidRainSunset_mid_": 83,
    "A6_r-1_0_m_gi_gr_1_0_1_WetSunset_mid_": 83,
    "A6_r-1_0_m_gi_gr_1_0_2_ClearSunset_high_": 65,
    "A6_r-1_0_m_gi_gr_1_0_2_ClearSunset_mid_": 72,
    "A6_r-1_0_m_gi_gr_1_0_2_MidRainSunset_high_": 67,
    "A6_r-1_0_m_gi_gr_1_0_2_MidRainSunset_low_": 71,
    "A6_r-1_0_m_gi_gr_1_0_2_MidRainyNoon_high_": 67,
    "A6_r-1_0_m_gi_gr_1_0_2_MidRainyNoon_mid_": 67,
    "A6_r-1_0_m_gi_gr_1_0_2_WetNoon_mid_": 67,
    "A6_r-1_0_m_gr_gi_1_0_1_MidRainSunset_high_": 100,
    "A6_r-1_0_m_gr_gi_1_0_1_WetNoon_high_": 98,
    "A6_r-1_0_m_gr_gi_1_0_1_WetSunset_low_": 98,
    "A6_r-1_0_p_c_er_1_0_3_HardRainSunset_low_": 92,
    "A6_r-1_0_p_j_gr_1_j_CloudyNoon_mid_": 79,
    "A6_r-1_0_p_j_gr_1_j_CloudySunset_high_": 79,
    "A6_r-1_0_p_j_gr_1_j_CloudySunset_low_": 79,
    "A6_r-1_0_p_j_gr_1_j_HardRainNoon_mid_": 79,
    "A6_r-1_0_p_j_gr_1_j_HardRainSunset_mid_": 79,
    "A6_r-1_0_p_j_gr_1_j_MidRainSunset_low_": 79,
    "A6_r-1_0_p_j_gr_1_j_WetSunset_mid_": 79,
    "A6_r-1_0_p_j_gr_1_j_1_HardRainSunset_mid_": 56,
    "A6_r-1_0_p_j_gr_1_j_1_MidRainSunset_high_": 56,
    "A6_r-1_0_p_j_gr_1_j_1_MidRainSunset_low_": 56,
    "A6_r-1_0_p_j_gr_1_j_1_WetNoon_mid_": 56,
    "B3_r-1_0_b_gi_gi_1_0_3_ClearSunset_low_": 44,
    "B3_r-1_0_b_gi_gi_1_0_3_MidRainyNoon_high_": 44,
    "B3_r-1_0_b_gi_gi_1_0_3_MidRainyNoon_low_": 44,
    "B3_r-1_0_b_gi_gi_1_0_3_WetNoon_mid_": 44,
    "B3_r-1_0_t_er_er_1_0_6_ClearSunset_low_": 70,
    "B3_r-1_0_t_er_er_1_0_6_MidRainSunset_high_": 72,
    "B3_r-1_0_t_er_er_1_0_6_MidRainSunset_low_": 65,
    "B3_r-1_0_t_er_er_1_0_6_MidRainyNoon_low_": 68,
    "B3_r-1_0_t_er_er_1_0_6_WetSunset_high_": 69,
    "B3_r-1_0_t_gr_er_1_0_CloudySunset_high_": 36,
    "B3_r-1_0_t_gr_er_1_0_HardRainSunset_low_": 36,
    "B3_r-1_0_t_gr_er_1_0_MidRainSunset_high_": 35,
    "B3_r-1_0_t_gr_er_1_0_MidRainSunset_mid_": 36,
    "B3_r-1_0_t_gr_er_1_0_MidRainyNoon_high_": 36,
    "B3_r-1_0_t_gr_er_1_0_MidRainyNoon_mid_": 36,
    "B3_r-1_0_t_gr_er_1_0_WetNoon_high_": 36,
    "B3_r-1_0_t_gr_er_1_0_WetNoon_mid_": 35,
    "B3_r-1_0_t_gr_er_1_0_2_ClearSunset_high_": 77,
    "B3_r-1_0_t_gr_er_1_0_2_CloudyNoon_high_": 77,
    "B3_r-1_0_t_gr_er_1_0_2_CloudyNoon_mid_": 77,
    "B3_r-1_0_t_gr_er_1_0_2_CloudySunset_low_": 77,
    "B3_r-1_0_t_gr_er_1_0_2_CloudySunset_mid_": 77,
    "B3_r-1_0_t_gr_er_1_0_2_HardRainNoon_mid_": 77,
    "B3_r-1_0_t_gr_er_1_0_2_HardRainSunset_high_": 77,
    "B3_r-1_0_t_gr_er_1_0_2_MidRainSunset_low_": 78,
    "B3_r-1_0_t_gr_er_1_0_2_MidRainSunset_mid_": 77,
    "B3_r-1_0_t_gr_er_1_0_4_ClearSunset_high_": 41,
    "B3_r-1_0_t_gr_er_1_0_4_CloudySunset_mid_": 41,
    "B3_r-1_0_t_gr_er_1_0_4_HardRainNoon_high_": 47,
    "B3_r-1_0_t_gr_er_1_0_4_HardRainNoon_mid_": 41,
    "B3_r-1_0_t_gr_er_1_0_4_MidRainSunset_high_": 47,
    "B3_r-1_0_t_gr_er_1_0_4_MidRainSunset_low_": 47,
    "B3_r-1_0_t_gr_er_1_0_4_MidRainyNoon_low_": 47,
    "B3_r-1_0_t_gr_er_1_0_4_WetNoon_high_": 47,
    "B3_r-1_0_t_gr_er_1_0_4_WetSunset_low_": 47,
    "B3_r-1_0_t_gr_gr_1_0_2_HardRainSunset_high_": 52
}